Assembly Accession	first_two_words
GCF_000007985.2	Geobacter sulfurreducens
GCF_000009085.1	Campylobacter jejuni
GCF_000009465.1	Neisseria meningitidis
GCF_000012185.1	Haemophilus influenzae
GCF_000014105.1	Neisseria meningitidis
GCF_000019305.1	Clostridium botulinum
GCF_000019545.1	Clostridium botulinum
GCF_000021885.1	Glaesserella parasuis
GCF_000025425.1	Campylobacter jejuni
GCF_000026345.1	Escherichia coli
GCF_000026965.1	Neisseria meningitidis
GCF_000092545.1	Legionella pneumophila
GCF_000092625.1	Legionella pneumophila
GCF_000152165.1	Neisseria meningitidis
GCF_000165575.1	Haemophilus influenzae
GCF_000191425.1	Neisseria meningitidis
GCF_000191445.1	Neisseria meningitidis
GCF_000191465.1	Neisseria meningitidis
GCF_000191485.1	Neisseria meningitidis
GCF_000191505.1	Neisseria meningitidis
GCF_000193205.1	Aerococcus sp.
GCF_000196495.1	Aliivibrio salmonicida
GCF_000197735.1	Glutamicibacter arilaitensis
GCF_000200475.1	Haemophilus influenzae
GCF_000200595.1	Helicobacter felis
GCF_000210895.1	Haemophilus parainfluenzae
GCF_000226275.2	Acinetobacter baumannii
GCF_000253195.1	Clostridium botulinum
GCF_000302555.5	Campylobacter jejuni
GCF_000304375.1	Campylobacter jejuni
GCF_000306845.1	Legionella pneumophila
GCF_000306865.1	Legionella pneumophila
GCF_000348785.1	Ilumatobacter coccineus
GCF_000419405.1	Acinetobacter baumannii
GCF_000466065.2	Campylobacter jejuni
GCF_000466075.2	Campylobacter jejuni
GCF_000466105.2	Campylobacter jejuni
GCF_000466925.3	Campylobacter jejuni
GCF_000468915.2	Campylobacter jejuni
GCF_000521605.1	Mannheimia sp.
GCF_000521685.1	Mannheimia varigena
GCF_000698365.1	Haemophilus influenzae
GCF_000740985.1	Glaesserella parasuis
GCF_000743945.1	Basilea psittacipulmonis
GCF_000759575.2	Campylobacter jejuni
GCF_000767075.1	Haemophilus influenzae
GCF_000787195.2	Neisseria meningitidis
GCF_000800235.1	Neisseria meningitidis
GCF_000800315.1	Neisseria meningitidis
GCF_000800355.1	Neisseria meningitidis
GCF_000801145.1	Actinobacillus equuli
GCF_000819525.2	Mannheimia haemolytica
GCF_000829015.1	Clostridium botulinum
GCF_000830775.1	Campylobacter jejuni
GCF_000830805.1	Campylobacter jejuni
GCF_000830825.1	Campylobacter jejuni
GCF_000830845.1	Campylobacter jejuni
GCF_000830865.1	Campylobacter jejuni
GCF_000835345.1	Campylobacter jejuni
GCF_000835365.1	Campylobacter jejuni
GCF_000931575.1	Haemophilus influenzae
GCF_000931625.1	Haemophilus influenzae
GCF_000969315.2	Avibacterium paragallinarum
GCF_001029815.1	Neisseria meningitidis
GCF_001299565.1	Campylobacter jejuni
GCF_001299595.1	Campylobacter jejuni
GCF_001302565.1	Glutamicibacter halophytocola
GCF_001314285.1	Campylobacter jejuni
GCF_001454985.1	Arthrobacter sp.
GCF_001457555.1	Fusobacterium polymorphum
GCF_001457655.1	Haemophilus influenzae
GCF_001483965.1	Carnobacterium sp.
GCF_001543175.1	Aerococcus urinae
GCF_001578145.1	Acinetobacter baumannii
GCF_001587015.1	Campylobacter jejuni
GCF_001587035.1	Campylobacter jejuni
GCF_001590615.2	Legionella pneumophila
GCF_001590645.1	Legionella pneumophila
GCF_001590695.1	Legionella pneumophila
GCF_001606005.1	Brevibacterium linens
GCF_001643995.1	Campylobacter iguaniorum
GCF_001647695.1	[Haemophilus] ducreyi
GCF_001647815.1	[Haemophilus] ducreyi
GCF_001647835.1	[Haemophilus] ducreyi
GCF_001652645.1	Legionella pneumophila
GCF_001652665.1	Legionella pneumophila
GCF_001652685.1	Legionella pneumophila
GCF_001677115.2	Legionella pneumophila
GCF_001687475.2	Campylobacter hepaticus
GCF_001697105.1	Neisseria meningitidis
GCF_001697125.1	Neisseria meningitidis
GCF_001697165.1	Neisseria meningitidis
GCF_001697205.1	Neisseria meningitidis
GCF_001697305.1	Neisseria meningitidis
GCF_001697325.1	Neisseria meningitidis
GCF_001697345.1	Neisseria meningitidis
GCF_001697365.1	Neisseria meningitidis
GCF_001697385.1	Neisseria meningitidis
GCF_001697405.1	Neisseria meningitidis
GCF_001697425.1	Neisseria meningitidis
GCF_001697445.1	Neisseria meningitidis
GCF_001697465.1	Neisseria meningitidis
GCF_001697485.1	Neisseria meningitidis
GCF_001697505.1	Neisseria meningitidis
GCF_001697525.1	Neisseria meningitidis
GCF_001697545.1	Neisseria meningitidis
GCF_001697565.1	Neisseria meningitidis
GCF_001697585.1	Neisseria meningitidis
GCF_001697605.1	Neisseria meningitidis
GCF_001697625.1	Neisseria meningitidis
GCF_001697645.1	Neisseria meningitidis
GCF_001697665.1	Neisseria meningitidis
GCF_001697685.1	Neisseria meningitidis
GCF_001697705.1	Neisseria meningitidis
GCF_001697725.1	Neisseria meningitidis
GCF_001697745.1	Neisseria meningitidis
GCF_001697765.1	Neisseria meningitidis
GCF_001697785.1	Neisseria meningitidis
GCF_001697805.1	Neisseria meningitidis
GCF_001697825.1	Neisseria meningitidis
GCF_001697845.1	Neisseria meningitidis
GCF_001697865.1	Neisseria meningitidis
GCF_001697885.1	Neisseria meningitidis
GCF_001697905.1	Neisseria meningitidis
GCF_001697925.1	Neisseria meningitidis
GCF_001697945.1	Neisseria meningitidis
GCF_001697965.1	Neisseria meningitidis
GCF_001697985.1	Neisseria meningitidis
GCF_001698005.1	Neisseria meningitidis
GCF_001698025.1	Neisseria meningitidis
GCF_001698045.1	Neisseria meningitidis
GCF_001698065.1	Neisseria meningitidis
GCF_001698085.1	Neisseria meningitidis
GCF_001698105.1	Neisseria meningitidis
GCF_001721945.1	Campylobacter jejuni
GCF_001729525.1	Brevibacterium aurantiacum
GCF_001854205.2	Moorena producens
GCF_001886795.1	Legionella pneumophila
GCF_001886835.1	Legionella pneumophila
GCF_001889265.1	Microbacterium sp.
GCF_001921945.1	Clostridium botulinum
GCF_001921965.1	Clostridium botulinum
GCF_001921985.1	Clostridium botulinum
GCF_001951235.1	Campylobacter jejuni
GCF_001951295.1	Campylobacter jejuni
GCF_001951315.1	Campylobacter jejuni
GCF_001951335.1	Campylobacter jejuni
GCF_001969405.1	Legionella pneumophila
GCF_001989475.1	Legionella pneumophila
GCF_002011945.1	Escherichia coli
GCF_002073235.2	Neisseria meningitidis
GCF_002073275.2	Neisseria meningitidis
GCF_002073475.2	Haemophilus influenzae
GCF_002073555.2	Neisseria meningitidis
GCF_002073595.2	Neisseria meningitidis
GCF_002101355.1	Campylobacter jejuni
GCF_002139895.1	Campylobacter vicugnae
GCF_002209025.1	Campylobacter jejuni
GCF_002224325.1	Campylobacter jejuni
GCF_002356155.1	Microbacterium sp.
GCF_002556585.1	Neisseria meningitidis
GCF_002587105.1	Campylobacter jejuni
GCF_002777395.1	Glaesserella parasuis
GCF_002813715.1	Legionella pneumophila
GCF_002813735.1	Legionella pneumophila
GCF_002849715.1	Crystallibacter crystallopoietes
GCF_002849775.1	Glaesserella sp.
GCF_002850575.1	Enterobacter cancerogenus
GCF_002865805.1	Clostridium botulinum
GCF_002865825.1	Clostridium botulinum
GCF_002865885.1	Clostridium botulinum
GCF_002866045.1	Clostridium botulinum
GCF_002866125.1	Clostridium botulinum
GCF_002866225.1	Clostridium botulinum
GCF_002934285.1	Aeromonas sp.
GCF_002951575.1	Neisseria meningitidis
GCF_002966615.1	Haemophilus influenzae
GCF_002966635.1	Haemophilus influenzae
GCF_002993305.1	Microbacterium sp.
GCF_002998595.1	Haemophilus sp.
GCF_003003535.1	Legionella pneumophila
GCF_003003555.1	Legionella pneumophila
GCF_003003595.1	Legionella pneumophila
GCF_003003675.1	Legionella pneumophila
GCF_003003815.1	Legionella pneumophila
GCF_003003865.1	Legionella pneumophila
GCF_003004115.1	Legionella pneumophila
GCF_003004175.1	Legionella pneumophila
GCF_003004195.1	Legionella pneumophila
GCF_003004235.1	Legionella pneumophila
GCF_003004255.1	Legionella pneumophila
GCF_003004295.1	Legionella pneumophila
GCF_003019695.1	Fusobacterium gonidiaformans
GCF_003060725.1	Campylobacter jejuni
GCF_003060745.1	Campylobacter jejuni
GCF_003060785.1	Campylobacter jejuni
GCF_003097535.1	Flavobacterium pallidum
GCF_003253795.1	Hafnia alvei
GCF_003261035.1	Mannheimia varigena
GCF_003286595.3	Aerococcus mictus
GCF_003287015.1	Moraxella bovis
GCF_003288155.1	Glaesserella parasuis
GCF_003351405.1	Haemophilus haemolyticus
GCF_003351445.1	Haemophilus influenzae
GCF_003351605.1	Haemophilus influenzae
GCF_003351625.1	Haemophilus haemolyticus
GCF_003352345.1	Haemophilus influenzae
GCF_003352365.1	Haemophilus influenzae
GCF_003352385.1	Haemophilus haemolyticus
GCF_003352405.1	Haemophilus influenzae
GCF_003355215.1	Neisseria meningitidis
GCF_003355235.1	Neisseria meningitidis
GCF_003355255.1	Neisseria meningitidis
GCF_003355275.1	Neisseria meningitidis
GCF_003355315.1	Neisseria meningitidis
GCF_003355335.1	Neisseria meningitidis
GCF_003355375.1	Neisseria meningitidis
GCF_003355395.1	Neisseria meningitidis
GCF_003355415.1	Neisseria meningitidis
GCF_003355435.1	Neisseria meningitidis
GCF_003425505.1	Haemophilus influenzae
GCF_003425525.1	Haemophilus influenzae
GCF_003425565.1	Haemophilus influenzae
GCF_003425585.1	Haemophilus influenzae
GCF_003425605.1	Haemophilus influenzae
GCF_003425715.1	Haemophilus influenzae
GCF_003425935.1	Haemophilus influenzae
GCF_003425955.1	Haemophilus influenzae
GCF_003443515.1	Chromobacterium rhizoryzae
GCF_003574175.1	Geobacter sulfurreducens
GCF_003860385.1	Escherichia albertii
GCF_003864155.1	Avibacterium paragallinarum
GCF_003932995.1	Brevibacterium aurantiacum
GCF_003952785.1	Acinetobacter johnsonii
GCF_003991855.1	Microbacterium oxydans
GCF_003999295.1	Brevibacterium aurantiacum
GCF_003999335.1	Brevibacterium linens
GCF_004135285.1	Microbacterium protaetiae
GCF_004322655.1	Bacillus sp.
GCF_004519515.1	Actinobacillus indolicus
GCF_004684345.1	Citrobacter tructae
GCF_004795855.1	Hydrogenophaga sp.
GCF_006351845.1	Enterococcus faecium
GCF_006385575.1	Microbacterium foliorum
GCF_007833395.1	Clostridium botulinum
GCF_007833415.1	Clostridium botulinum
GCF_007833455.1	Clostridium botulinum
GCF_007964805.1	Mannheimia haemolytica
GCF_007965105.1	Mannheimia haemolytica
GCF_007973265.1	Mannheimia haemolytica
GCF_007973365.1	Mannheimia haemolytica
GCF_007973645.1	Mannheimia haemolytica
GCF_007973825.1	Mannheimia haemolytica
GCF_007974025.1	Mannheimia haemolytica
GCF_007974045.1	Mannheimia haemolytica
GCF_007974065.1	Mannheimia haemolytica
GCF_007974105.1	Mannheimia haemolytica
GCF_007974125.1	Mannheimia haemolytica
GCF_007974145.1	Mannheimia haemolytica
GCF_007974165.1	Mannheimia haemolytica
GCF_007974375.1	Mannheimia haemolytica
GCF_007974525.1	Mannheimia haemolytica
GCF_007974745.1	Mannheimia haemolytica
GCF_007974925.1	Mannheimia haemolytica
GCF_007975085.1	Mannheimia haemolytica
GCF_007975365.1	Mannheimia haemolytica
GCF_007975575.1	Mannheimia haemolytica
GCF_007976445.1	Mannheimia haemolytica
GCF_007976625.1	Mannheimia haemolytica
GCF_007976765.1	Mannheimia haemolytica
GCF_007976905.1	Mannheimia haemolytica
GCF_007977085.1	Mannheimia haemolytica
GCF_007977225.1	Mannheimia haemolytica
GCF_007977495.1	Mannheimia haemolytica
GCF_007977645.1	Mannheimia haemolytica
GCF_007977825.1	Mannheimia haemolytica
GCF_007978045.1	Mannheimia haemolytica
GCF_007978185.1	Mannheimia haemolytica
GCF_007978365.1	Mannheimia haemolytica
GCF_007979065.1	Mannheimia haemolytica
GCF_007979525.1	Mannheimia haemolytica
GCF_007979665.1	Mannheimia haemolytica
GCF_008271365.1	Microbacterium sp.
GCF_008330025.1	Haemophilus parahaemolyticus
GCF_008330745.1	Neisseria meningitidis
GCF_008330765.1	Neisseria meningitidis
GCF_008330785.1	Neisseria meningitidis
GCF_008330805.1	Neisseria meningitidis
GCF_008330845.1	Neisseria meningitidis
GCF_008330865.1	Neisseria meningitidis
GCF_008330885.1	Neisseria meningitidis
GCF_008330905.1	Neisseria meningitidis
GCF_008330925.1	Neisseria meningitidis
GCF_008386335.1	Campylobacter jejuni
GCF_009664675.1	Neisseria meningitidis
GCF_009664695.1	Neisseria meningitidis
GCF_009664815.1	Legionella pneumophila
GCF_009676805.1	Acinetobacter towneri
GCF_009796805.1	Algibacter sp.
GCF_010669065.1	Legionella pneumophila
GCF_011044295.1	Glaesserella parasuis
GCF_011044315.1	Glaesserella parasuis
GCF_011068285.1	Flagellimonas oceani
GCF_011462075.1	Brevibacterium luteolum
GCF_011617245.1	Brevibacterium atlanticum
GCF_011617705.1	Brevibacterium limosum
GCF_011765605.1	Avibacterium paragallinarum
GCF_012220945.1	Campylobacter jejuni
GCF_012224765.1	Campylobacter jejuni
GCF_012224905.1	Campylobacter jejuni
GCF_012225065.1	Campylobacter jejuni
GCF_012849875.1	Avibacterium paragallinarum
GCF_012850075.1	Avibacterium paragallinarum
GCF_012850275.1	Avibacterium paragallinarum
GCF_012850455.1	Avibacterium paragallinarum
GCF_012850655.1	Avibacterium paragallinarum
GCF_012850815.1	Avibacterium paragallinarum
GCF_012850955.1	Avibacterium paragallinarum
GCF_012889985.1	Campylobacter sp.
GCF_012897395.1	Campylobacter sp.
GCF_012897595.1	Campylobacter sp.
GCF_012898015.1	Campylobacter sp.
GCF_013177475.1	Campylobacter jejuni
GCF_013372225.1	Campylobacter ureolyticus
GCF_013372245.1	Campylobacter upsaliensis
GCF_013375975.1	Enterobacter ludwigii
GCF_013377195.1	Bisgaardia hudsonensis
GCF_013377215.1	Mannheimia granulomatis
GCF_013377235.1	Mannheimia varigena
GCF_013390325.1	Mannheimia varigena
GCF_013393805.1	Campylobacter jejuni
GCF_013394265.1	Acinetobacter baumannii
GCF_013394405.1	Haemophilus influenzae
GCF_014082005.1	Campylobacter jejuni
GCF_014217995.1	Campylobacter vulpis
GCF_014302495.1	Neisseria meningitidis
GCF_014541205.1	Mannheimia bovis
GCF_015277895.1	Microbacterium abyssi
GCF_015679665.1	Neisseria meningitidis
GCF_015679735.1	Neisseria meningitidis
GCF_015679865.1	Neisseria meningitidis
GCF_015679905.1	Neisseria meningitidis
GCF_015679925.1	Neisseria meningitidis
GCF_015774875.1	Campylobacter hepaticus
GCF_016026555.1	Brevibacterium casei
GCF_016026595.1	Brevibacterium casei
GCF_016026975.1	Aerococcus urinae
GCF_016027415.1	Brevibacterium casei
GCF_016027575.1	Bacillus tropicus
GCF_016756395.1	Actinacidiphila reveromycinica
GCF_016889385.1	Haemophilus parahaemolyticus
GCF_016903535.1	Escherichia coli
GCF_017310275.1	Aeromonas veronii
GCF_017347365.1	Neisseria meningitidis
GCF_017351955.1	Campylobacter jejuni
GCF_017352015.1	Campylobacter jejuni
GCF_017603825.1	Crystallibacter crystallopoietes
GCF_018176875.1	Campylobacter coli
GCF_018176975.1	Campylobacter coli
GCF_018208375.1	Brevibacterium sp.
GCF_018885125.1	Campylobacter jejuni
GCF_018885225.1	Campylobacter jejuni
GCF_018968685.1	Campylobacter novaezeelandiae
GCF_019048825.1	Neisseria meningitidis
GCF_019056415.1	Campylobacter jejuni
GCF_019356015.1	Neisseria meningitidis
GCF_019703365.1	Haemophilus influenzae
GCF_019703385.1	Haemophilus influenzae
GCF_019703405.1	Haemophilus influenzae
GCF_019703425.1	Haemophilus influenzae
GCF_019703455.1	Haemophilus influenzae
GCF_019703495.1	Haemophilus influenzae
GCF_019703525.1	Haemophilus influenzae
GCF_019703545.1	Haemophilus influenzae
GCF_019703635.1	Haemophilus influenzae
GCF_019703715.1	Haemophilus influenzae
GCF_019754215.1	Campylobacter jejuni
GCF_019797805.1	Idiomarina abyssalis
GCF_019822885.1	Avibacterium paragallinarum
GCF_019904315.1	Geobacter sulfurreducens
GCF_019930905.1	Haemophilus aegyptius
GCF_019973675.1	Haemophilus haemolyticus
GCF_019974095.1	Legionella pneumophila
GCF_020042585.1	Campylobacter coli
GCF_020091505.1	Bacteroides faecis
GCF_020097455.1	Gemella haemolysans
GCF_020540925.1	Enterobacter cloacae
GCF_020719145.1	Campylobacter jejuni
GCF_020719855.1	Campylobacter jejuni
GCF_020736025.1	Haemophilus influenzae
GCF_020736045.1	Haemophilus influenzae
GCF_021117425.1	Brevibacterium zhoupengii
GCF_021441965.1	Escherichia coli
GCF_021729465.1	Acinetobacter baumannii
GCF_021729485.1	Helicobacter pylori
GCF_021729725.1	Helicobacter pylori
GCF_022220445.1	Legionella pneumophila
GCF_022404875.1	Mannheimia haemolytica
GCF_022404975.1	Mannheimia haemolytica
GCF_022405015.1	Mannheimia haemolytica
GCF_022405035.1	Mannheimia haemolytica
GCF_022833145.1	Clostridium botulinum
GCF_022964995.1	Avibacterium paragallinarum
GCF_023516255.1	Mannheimia haemolytica
GCF_023516335.1	Mannheimia haemolytica
GCF_023824315.1	Acinetobacter tibetensis
GCF_023981045.1	Acinetobacter baumannii
GCF_024181005.1	Campylobacter jejuni
GCF_024218755.1	Aeromonas caviae
GCF_024220095.1	Fusobacterium polymorphum
GCF_024499245.1	Escherichia coli
GCF_024532075.1	Escherichia albertii
GCF_024662055.1	Glutamicibacter halophytocola
GCF_024752555.1	Campylobacter coli
GCF_024759405.1	Bacteroides faecis
GCF_024918035.1	Escherichia coli
GCF_024927965.1	Actinacidiphila bryophytorum
GCF_025200945.1	Campylobacter jejuni
GCF_025643275.1	Moraxella nasicaprae
GCF_025884415.1	Avibacterium paragallinarum
GCF_025884555.1	Avibacterium paragallinarum
GCF_026898195.1	Campylobacter hepaticus
GCF_027286285.1	Legionella pneumophila
GCF_027626015.1	Bacillus tropicus
GCF_028583465.1	Acinetobacter baumannii
GCF_028621895.1	Acinetobacter sp.
GCF_028747645.1	Microbacterium esteraromaticum
GCF_028748045.1	Glaesserella parasuis
GCF_028748065.1	Hyphococcus flavus
GCF_029025785.1	Aeromonas hydrophila
GCF_029338175.1	Citrobacter enshiensis
GCF_029762455.1	Glaesserella parasuis
GCF_029773685.1	Actinobacillus equuli
GCF_029773705.1	Actinobacillus equuli
GCF_029773725.1	Actinobacillus equuli
GCF_029773765.1	Actinobacillus equuli
GCF_029773915.1	Actinobacillus equuli
GCF_029773935.1	Actinobacillus equuli
GCF_029773975.1	Actinobacillus equuli
GCF_029773995.1	Actinobacillus equuli
GCF_029774075.1	Actinobacillus equuli
GCF_029962365.1	Clostridium botulinum
GCF_030035285.1	Campylobacter jejuni
GCF_030168615.1	Legionella pneumophila
GCF_030168635.1	Legionella pneumophila
GCF_030264235.1	Glutamicibacter nicotianae
GCF_030518755.1	Microbacterium maritypicum
GCF_032300135.1	Escherichia coli
GCF_033096605.1	Campylobacter jejuni
GCF_033097085.1	Campylobacter jejuni
GCF_033097205.1	Campylobacter coli
GCF_033097285.1	Campylobacter jejuni
GCF_033130025.1	Campylobacter jejuni
GCF_034119785.1	Glutamicibacter protophormiae
GCF_034119805.1	Glutamicibacter protophormiae
GCF_034422975.1	Idiomarina sp.
GCF_035320945.1	Fusobacterium polymorphum
GCF_035918135.1	Actinacidiphila glaucinigra
GCF_035980495.1	[Kitasatospora] papulosa
GCF_036237335.1	[Kitasatospora] papulosa
GCF_036240075.1	[Kitasatospora] papulosa
GCF_036542085.1	Haemophilus influenzae
GCF_900092465.1	Legionella pneumophila
GCF_900119755.1	Legionella pneumophila
GCF_900119775.1	Legionella pneumophila
GCF_900119785.1	Legionella pneumophila
GCF_900475265.1	Campylobacter jejuni
GCF_900475735.1	Legionella pneumophila
GCF_900475745.1	Legionella pneumophila
GCF_900475755.1	Haemophilus influenzae
GCF_900475885.1	Haemophilus aegyptius
GCF_900475995.1	Haemophilus influenzae
GCF_900477945.1	Haemophilus haemolyticus
GCF_900478135.1	Leminorella richardii
GCF_900478325.1	Haemophilus influenzae
GCF_900478735.1	Haemophilus influenzae
GCF_900636745.1	Actinobacillus equuli
GCF_900637315.1	[Haemophilus] ducreyi
GCF_900637585.1	Legionella pneumophila
GCF_900637765.1	Haemophilus aegyptius
GCF_900638055.1	Gemella haemolysans
GCF_900638175.1	Campylobacter jejuni
GCF_900638365.1	Campylobacter jejuni
GCF_900638605.1	Neisseria meningitidis
GCF_900683735.1	Fusobacterium ulcerans
GCF_902386615.1	Leminorella richardii
GCF_902387815.1	Hafnia alvei
GCF_904831005.1	Microbacterium hydrocarbonoxydans
GCF_907163125.1	Cloacibacterium caeni
GCF_916098255.1	Campylobacter upsaliensis
GCF_916098265.1	Campylobacter upsaliensis
GCF_919946725.1	Haemophilus influenzae
GCF_919949215.1	Haemophilus influenzae
GCF_949281945.1	Campylobacter jejuni
GCF_949282005.1	Campylobacter jejuni
GCF_949282015.1	Campylobacter jejuni
GCF_949282045.1	Campylobacter jejuni
GCF_949282055.1	Campylobacter jejuni
GCF_949282065.1	Campylobacter jejuni
GCF_949361555.1	Campylobacter coli
GCF_000007265.1	Streptococcus agalactiae
GCF_000008805.1	Neisseria meningitidis
GCF_000009765.2	Streptomyces avermitilis
GCF_000010605.1	Streptomyces griseus
GCF_000018185.1	Streptococcus suis
GCF_000024825.1	Vibrio antiquarius
GCF_000026725.1	Streptococcus suis
GCF_000026745.1	Streptococcus suis
GCF_000091905.1	Streptococcus suis
GCF_000092385.1	Streptomyces bingchenggensis
GCF_000168355.3	Streptococcus suis
GCF_000177195.2	Streptomyces sp.
GCF_000186405.1	Streptococcus suis
GCF_000191525.1	Neisseria meningitidis
GCF_000196095.1	Vibrio parahaemolyticus
GCF_000219415.3	Sinorhizobium fredii
GCF_000220705.2	Streptomyces xinghaiensis
GCF_000231865.1	Streptococcus suis
GCF_000231925.1	Streptococcus suis
GCF_000233575.1	Streptococcus suis
GCF_000294495.1	Streptococcus suis
GCF_000331185.2	Streptomyces rimosus
GCF_000344765.1	Streptococcus suis
GCF_000385945.1	Streptomyces microflavus
GCF_000390245.1	Streptococcus suis
GCF_000427035.1	Streptococcus agalactiae
GCF_000494895.1	Streptococcus suis
GCF_000512395.1	Pasteurella multocida
GCF_000739105.1	Streptomyces lividans
GCF_000746665.1	Vibrio vulnificus
GCF_000782855.1	Streptococcus agalactiae
GCF_000800275.1	Neisseria meningitidis
GCF_000973565.1	Pasteurella multocida
GCF_000993745.1	Streptococcus suis
GCF_001026925.1	Streptococcus agalactiae
GCF_001029835.1	Neisseria meningitidis
GCF_001278095.1	Streptomyces sp.
GCF_001281025.1	Streptococcus mitis
GCF_001431765.1	Streptomyces sp.
GCF_001448985.1	Streptococcus agalactiae
GCF_001482385.1	Pseudoalteromonas rubra
GCF_001572685.1	Streptococcus suis
GCF_001610935.1	Streptococcus suis
GCF_001611795.1	Streptomyces qaidamensis
GCF_001632865.1	Streptomyces ambofaciens
GCF_001660045.1	Streptomyces parvulus
GCF_001704195.1	Streptomyces sampsonii
GCF_001712835.1	Streptococcus agalactiae
GCF_001735805.1	Streptomyces fodineus
GCF_001758605.1	Vibrio parahaemolyticus
GCF_001879585.1	Vibrio parahaemolyticus
GCF_001886595.1	Streptomyces venezuelae
GCF_001932715.1	Streptococcus agalactiae
GCF_001936415.1	Streptococcus suis
GCF_001975025.1	Streptomyces alfalfae
GCF_001975365.1	Salmonella enterica
GCF_001984445.1	Streptomyces lydicus
GCF_002021755.1	Vibrio owensii
GCF_002073295.2	Pasteurella multocida
GCF_002073775.2	Vibrio parahaemolyticus
GCF_002094995.1	Streptomyces sp.
GCF_002111405.1	Streptococcus suis
GCF_002189675.2	Streptomyces alboflavus
GCF_002189695.1	Streptococcus suis
GCF_002197025.1	Sinorhizobium meliloti
GCF_002356235.1	Photobacterium damselae
GCF_002393385.1	Pasteurella multocida
GCF_002556545.1	Streptomyces formicae
GCF_002591295.1	Pasteurella multocida
GCF_002688665.1	Streptococcus suis
GCF_002803845.1	Streptomyces lavendulae
GCF_002804165.1	Streptomyces cavourensis
GCF_002850295.1	Vibrio harveyi
GCF_002859465.1	Pasteurella multocida
GCF_002951835.1	Simonsiella muelleri
GCF_003054555.1	Streptomyces lunaelactis
GCF_003061265.1	Pasteurella multocida
GCF_003074055.1	Streptomyces nigra
GCF_003111645.1	Parazoarcus communis
GCF_003111665.1	Parazoarcus communis
GCF_003208035.1	Streptomyces actuosus
GCF_003261055.1	Streptomyces cadmiisoli
GCF_003268535.2	Streptomyces sp.
GCF_003288075.1	Streptococcus agalactiae
GCF_003288175.1	Streptococcus suis
GCF_003324755.1	Salmonella enterica
GCF_003352445.1	Streptomyces cavourensis
GCF_003369795.1	Streptomyces sp.
GCF_003391135.1	Streptoverticillium olivoreticuli
GCF_003428925.1	Streptomyces koyangensis
GCF_003522555.1	Vibrio vulnificus
GCF_003595235.1	Streptomyces griseorubiginosus
GCF_003595545.1	Streptomyces sp.
GCF_003609975.1	Streptococcus ruminantium
GCF_003627155.1	Streptococcus gwangjuensis
GCF_003812465.1	Streptococcus sp.
GCF_003950055.1	Streptomyces sp.
GCF_004006515.1	Vibrio parahaemolyticus
GCF_004353525.1	Zhaonella formicivorans
GCF_004524875.1	Streptomyces sp.
GCF_004795715.1	Streptomyces sp.
GCF_005860785.2	Streptomyces sp.
GCF_006088715.1	Streptomyces sp.
GCF_006229535.1	Streptomyces rimosus
GCF_006232125.1	Pasteurella multocida
GCF_006516935.1	Streptomyces griseorubiginosus
GCF_006716135.1	Streptomyces calvus
GCF_006874565.1	Streptococcus agalactiae
GCF_007113405.2	Streptomyces sp.
GCF_007113425.2	Streptomyces sp.
GCF_007113505.2	Streptomyces sp.
GCF_007113525.2	Streptomyces sp.
GCF_007113665.2	Streptomyces sp.
GCF_007363395.1	Streptomyces spectabilis
GCF_008639045.1	Streptomyces venezuelae
GCF_008639165.1	Streptomyces venezuelae
GCF_008693585.1	Streptococcus agalactiae
GCF_008704395.1	Streptomyces alboniger
GCF_008704445.1	Streptomyces prasinus
GCF_008704515.1	Streptomyces viridosporus
GCF_008704555.1	Streptomyces nitrosporeus
GCF_008704655.1	Streptomyces rimosus
GCF_008704795.1	Streptomyces spectabilis
GCF_008704995.1	Streptomyces nodosus
GCF_009495655.1	Streptomyces sp.
GCF_009498275.1	Streptomyces fagopyri
GCF_009684715.1	Otariodibacter oris
GCF_009739905.1	Streptomyces ficellus
GCF_009763845.1	Vibrio alginolyticus
GCF_009789635.1	Streptomyces sp.
GCF_009857135.1	Streptomyces sp.
GCF_009867075.1	Streptomyces sp.
GCF_009883815.1	Vibrio parahaemolyticus
GCF_009883835.1	Vibrio parahaemolyticus
GCF_010384365.1	Streptomyces sp.
GCF_010669165.1	Streptomyces aureoverticillatus
GCF_011398355.1	Thiosulfatimonas sediminis
GCF_011650445.1	Streptomyces sp.
GCF_011694815.1	Streptomyces liangshanensis
GCF_011801455.1	Vibrio diabolicus
GCF_012044595.1	Streptomyces antibioticus
GCF_013009255.1	Streptomyces sp.
GCF_013357745.1	Vibrio cholerae
GCF_013364315.1	Streptomyces microflavus
GCF_013364375.1	Streptomyces sp.
GCF_013488085.1	Streptococcus suis
GCF_013488105.1	Streptococcus suis
GCF_013488125.1	Streptococcus suis
GCF_013488165.1	Streptococcus suis
GCF_013488185.1	Streptococcus suis
GCF_014083985.1	Streptomyces sp.
GCF_014216335.1	Streptomyces rutgersensis
GCF_014218075.1	Streptococcus agalactiae
GCF_014218095.1	Streptococcus agalactiae
GCF_014218115.1	Streptococcus agalactiae
GCF_014218135.1	Streptococcus agalactiae
GCF_014218155.1	Streptococcus agalactiae
GCF_014295035.1	Streptomyces buecherae
GCF_014673495.1	Streptomyces griseofuscus
GCF_014775675.1	Photobacterium damselae
GCF_014775695.1	Photobacterium damselae
GCF_014843095.1	Streptococcus suis
GCF_014852565.2	Streptomyces caniscabiei
GCF_014874555.1	Streptococcus suis
GCF_015160855.1	Streptomyces ferrugineus
GCF_015160875.1	Streptomyces chromofuscus
GCF_015221735.2	Streptococcus agalactiae
GCF_015594925.2	Vibrio sp.
GCF_015601545.1	Streptomyces albidoflavus
GCF_015908985.1	Streptococcus suis
GCF_015910445.1	Streptomyces bathyalis
GCF_016128295.1	Streptomyces alfalfae
GCF_016406205.1	Providencia rettgeri
GCF_016598575.1	Streptomyces sp.
GCF_016598615.1	Streptomyces liliifuscus
GCF_016658865.1	Streptococcus mitis
GCF_016803985.1	Streptomyces koyangensis
GCF_016906185.1	Streptomyces californicus
GCF_016906205.1	Streptomyces californicus
GCF_016906225.1	Streptomyces californicus
GCF_016906245.1	Streptomyces californicus
GCF_017311125.1	Streptomyces sp.
GCF_017352335.1	Streptomyces nodosus
GCF_017358145.1	Streptomyces sp.
GCF_017751265.1	Streptomyces rimosus
GCF_017933235.1	Streptomyces scabiei
GCF_018141485.1	Streptomyces alfalfae
GCF_018255875.1	Streptomyces lavendulae
GCF_018310575.1	Streptomyces sp.
GCF_018604545.1	Streptomyces koelreuteriae
GCF_018771265.1	Providencia rettgeri
GCF_018866325.1	Streptomyces sp.
GCF_019048105.1	Providencia rettgeri
GCF_019048545.1	Providencia rettgeri
GCF_019056675.1	Streptomyces sp.
GCF_019378935.1	Streptomyces anulatus
GCF_019552345.1	Streptococcus agalactiae
GCF_019856355.1	Streptococcus suis
GCF_019856375.1	Streptococcus suis
GCF_019856395.1	Streptococcus suis
GCF_019856415.1	Streptococcus suis
GCF_019856475.1	Streptococcus suis
GCF_019933235.1	Streptomyces angustmyceticus
GCF_020162275.1	Simonsiella muelleri
GCF_020341595.1	Streptomyces sp.
GCF_020535385.1	Streptomyces sp.
GCF_020542045.1	Streptococcus suis
GCF_020717785.1	Vibrio diabolicus
GCF_020783455.1	Streptomyces anulatus
GCF_020790115.1	Streptomyces lydicus
GCF_021029465.1	Streptomyces sp.
GCF_021049245.1	Radiobacillus kanasensis
GCF_021216675.1	Streptomyces gobiensis
GCF_021460195.1	Streptococcus agalactiae
GCF_021496805.1	Streptococcus agalactiae
GCF_021496825.1	Streptococcus agalactiae
GCF_021496845.1	Streptococcus agalactiae
GCF_021496865.1	Streptococcus agalactiae
GCF_021496885.1	Streptococcus agalactiae
GCF_021496905.1	Streptococcus agalactiae
GCF_021496945.1	Streptococcus agalactiae
GCF_021496965.1	Streptococcus agalactiae
GCF_021654515.1	Streptococcus ruminantium
GCF_021654535.1	Streptococcus ruminantium
GCF_021729385.1	Streptococcus suis
GCF_021729405.1	Streptococcus suis
GCF_022343205.1	Vibrio alginolyticus
GCF_022414575.2	Streptomyces sp.
GCF_022637295.1	Pasteurella multocida
GCF_022760195.1	Streptomyces rimosus
GCF_022760275.1	Streptomyces sp.
GCF_022846655.1	Streptomyces seoulensis
GCF_022869105.1	Streptomyces sp.
GCF_022964955.1	Streptococcus suis
GCF_023023005.1	Streptococcus suis
GCF_023205895.1	Vibrio parahaemolyticus
GCF_023273835.1	Streptomyces sp.
GCF_023277745.1	Streptomyces halobius
GCF_023572865.1	Pasteurella multocida
GCF_023572885.1	Pasteurella multocida
GCF_023572985.1	Pasteurella multocida
GCF_023573025.1	Pasteurella multocida
GCF_023573045.1	Pasteurella multocida
GCF_023573085.1	Pasteurella multocida
GCF_023573105.1	Pasteurella multocida
GCF_023587305.1	Pasteurella multocida
GCF_023587465.1	Pasteurella multocida
GCF_023587645.1	Pasteurella multocida
GCF_023702655.1	Streptomyces sp.
GCF_023716005.1	Streptomyces filamentosus
GCF_023716525.1	Vibrio sp.
GCF_023923245.1	Streptomyces phaeoluteigriseus
GCF_024206595.1	Streptococcus suis
GCF_024206615.1	Streptococcus suis
GCF_024206635.1	Streptococcus suis
GCF_024206655.1	Streptococcus suis
GCF_024206675.1	Streptococcus suis
GCF_024206695.1	Streptococcus suis
GCF_024206715.1	Streptococcus suis
GCF_024206735.1	Streptococcus suis
GCF_024206755.1	Streptococcus suis
GCF_024220115.1	Streptococcus suis
GCF_024220135.1	Streptococcus suis
GCF_024298965.1	Streptomyces rapamycinicus
GCF_024346975.1	Vibrio neonatus
GCF_024347515.1	Vibrio gigantis
GCF_024362845.1	Vibrio pelagius
GCF_024365045.1	Streptomyces cavourensis
GCF_024442315.1	Streptomyces koelreuteriae
GCF_024442335.1	Streptomyces sp.
GCF_024582915.1	Streptococcus suis
GCF_024582955.1	Streptococcus suis
GCF_024583015.1	Streptococcus suis
GCF_024583055.1	Streptococcus suis
GCF_024583135.1	Streptococcus suis
GCF_024612015.1	Streptomyces sp.
GCF_024759485.1	Parabacteroides distasonis
GCF_025231465.1	Streptomyces murinus
GCF_025402735.1	Streptococcus agalactiae
GCF_025402755.1	Streptococcus agalactiae
GCF_025402775.1	Streptococcus agalactiae
GCF_025642175.1	Streptomyces albidocamelliae
GCF_025643355.1	Streptomyces sp.
GCF_025665295.1	Streptomyces explomaris
GCF_025808195.1	Streptococcus agalactiae
GCF_025847175.1	Paeniglutamicibacter sp.
GCF_025908395.1	Streptomyces milbemycinicus
GCF_025946905.1	Streptococcus suis
GCF_025946945.1	Streptococcus suis
GCF_025957665.1	Streptomyces sp.
GCF_026239515.1	Streptomyces sp.
GCF_026239535.1	Streptomyces sp.
GCF_026427415.1	Streptomyces tanashiensis
GCF_026642235.1	Streptomyces cavourensis
GCF_026651955.1	Streptomyces sp.
GCF_027625935.1	Streptomyces camelliae
GCF_027923645.1	Paraprevotella clara
GCF_028885415.1	Streptomyces coeruleorubidus
GCF_028898845.1	Streptomyces sp.
GCF_029167585.1	Streptomyces sp.
GCF_029167645.1	Streptomyces sp.
GCF_029193595.2	Providencia hangzhouensis
GCF_029392895.1	Streptomyces sp.
GCF_029542025.1	Streptococcus suis
GCF_029542065.1	Streptococcus suis
GCF_029760955.1	Streptomyces cathayae
GCF_029866785.1	Streptomyces sp.
GCF_029910115.1	Vibrio lentus
GCF_030028615.1	Streptomyces sp.
GCF_030059845.1	Vibrio parahaemolyticus
GCF_030078235.1	Streptococcus agalactiae
GCF_030078295.1	Streptococcus agalactiae
GCF_030078315.1	Streptococcus agalactiae
GCF_030078355.1	Streptococcus agalactiae
GCF_030078375.1	Streptococcus agalactiae
GCF_030406845.1	Streptomyces sp.
GCF_030406905.1	Streptomyces chengbuensis
GCF_030544505.1	Streptomyces sp.
GCF_030552875.1	Streptomyces sp.
GCF_030552955.1	Vibrio parahaemolyticus
GCF_030719215.1	Streptomyces glycanivorans
GCF_030719295.1	Streptomyces castrisilvae
GCF_030845235.1	Streptomyces sp.
GCF_030863865.1	Streptomyces rochei
GCF_030908285.1	Streptomyces rochei
GCF_031463095.1	Pasteurella multocida
GCF_031583005.1	Pasteurella multocida
GCF_031583065.1	Streptomyces sp.
GCF_031584935.1	Streptococcus agalactiae
GCF_031587935.1	Pasteurella multocida
GCF_031679605.1	Streptomyces luomodiensis
GCF_031760065.1	Streptomyces sp.
GCF_031767605.1	Streptococcus suis
GCF_031844705.1	Streptomyces sp.
GCF_031844725.1	Streptomyces sp.
GCF_032105745.1	Streptomyces sp.
GCF_032229305.1	Streptomyces sp.
GCF_032594935.1	Streptococcus iners
GCF_032598905.1	Streptomyces sp.
GCF_032932555.1	Streptomyces fradiae
GCF_033335955.1	Streptomyces sp.
GCF_033406955.1	Streptomyces violaceoruber
GCF_033798845.1	Streptococcus agalactiae
GCF_033798885.1	Streptococcus agalactiae
GCF_033798925.1	Streptococcus agalactiae
GCF_034047115.1	Streptococcus suis
GCF_034422375.1	Streptomyces rochei
GCF_035221255.1	Pasteurella multocida
GCF_035223645.1	Pasteurella multocida
GCF_035224565.1	Pasteurella multocida
GCF_035578105.1	Streptomyces cyaneofuscatus
GCF_035917155.1	Streptomyces sp.
GCF_035917195.1	Streptomyces phaeochromogenes
GCF_035917255.1	Streptomyces sp.
GCF_035917295.1	Streptomyces sp.
GCF_035917395.1	Streptomyces sp.
GCF_035917595.1	Streptomyces scopuliridis
GCF_035917655.1	Streptomyces anthocyanicus
GCF_035917755.1	Streptomyces scopuliridis
GCF_035917775.1	Streptomyces scopuliridis
GCF_035917855.1	Streptomyces sp.
GCF_035917875.1	Streptomyces sp.
GCF_035917895.1	Streptomyces sp.
GCF_035918055.1	Streptomyces phaeochromogenes
GCF_035918075.1	Streptomyces sp.
GCF_035918155.1	Streptomyces sp.
GCF_035918175.1	Streptomyces canus
GCF_035918215.1	Streptomyces sp.
GCF_035920465.1	Streptomyces sp.
GCF_035946055.1	Streptomyces sp.
GCF_035949105.1	Streptomyces sp.
GCF_035950875.1	Streptomyces cyaneofuscatus
GCF_035951655.1	Streptomyces platensis
GCF_035952475.1	Streptomyces sp.
GCF_035954955.1	Streptomyces murinus
GCF_035960815.1	Streptomyces sp.
GCF_035961655.1	Streptomyces sp.
GCF_035974375.1	Streptomyces sp.
GCF_035991645.1	Streptomyces sp.
GCF_035993425.1	Streptomyces sp.
GCF_035994185.1	Streptomyces sp.
GCF_035994945.1	Streptomyces sp.
GCF_035996785.1	Streptomyces sp.
GCF_036010285.1	Streptomyces sp.
GCF_036010445.1	Streptomyces sp.
GCF_036010585.1	Streptomyces microflavus
GCF_036013545.1	Streptomyces sp.
GCF_036013625.1	Streptomyces sp.
GCF_036013685.1	Streptomyces sp.
GCF_036013705.1	Streptomyces sp.
GCF_036013745.1	Streptomyces sp.
GCF_036013895.1	Streptomyces sp.
GCF_036013915.1	Streptomyces sp.
GCF_036013935.1	Streptomyces sp.
GCF_036014035.1	Streptomyces sp.
GCF_036014055.1	Streptomyces violaceus
GCF_036014095.1	Streptomyces sp.
GCF_036014155.1	Streptomyces sp.
GCF_036014195.1	Streptomyces sp.
GCF_036038375.1	Streptomyces sp.
GCF_036057275.1	Streptomyces sp.
GCF_036063235.1	Streptomyces sp.
GCF_036069355.1	Streptomyces mirabilis
GCF_036073155.1	Streptomyces mirabilis
GCF_036075115.1	Streptomyces sp.
GCF_036079075.1	Streptomyces platensis
GCF_036084755.1	Streptomyces sp.
GCF_036088315.1	Streptomyces sp.
GCF_036091755.1	Streptomyces sp.
GCF_036099295.1	Streptomyces sp.
GCF_036103115.1	Streptomyces sp.
GCF_036110805.1	Streptomyces canus
GCF_036118775.1	Streptomyces sp.
GCF_036121075.1	Streptomyces sp.
GCF_036133475.1	Streptomyces phaeochromogenes
GCF_036139655.1	Streptomyces sp.
GCF_036167175.1	Streptomyces caniferus
GCF_036168855.1	Streptomyces sp.
GCF_036169555.1	Streptomyces sp.
GCF_036169715.1	Streptomyces sp.
GCF_036173045.1	Streptomyces sp.
GCF_036180305.1	Streptomyces sp.
GCF_036183285.1	Streptomyces sp.
GCF_036189845.1	Streptomyces griseoaurantiacus
GCF_036195045.1	Streptomyces sp.
GCF_036195325.1	Streptomyces sp.
GCF_036197725.1	Streptomyces canus
GCF_036201705.1	Streptomyces sp.
GCF_036204065.1	Streptomyces tauricus
GCF_036206005.1	Streptomyces sp.
GCF_036207985.1	Streptomyces lydicus
GCF_036208025.1	Streptomyces sp.
GCF_036224405.1	Streptomyces griseoaurantiacus
GCF_036226185.1	Streptomyces griseoaurantiacus
GCF_036226305.1	Streptomyces violaceus
GCF_036226545.1	Streptomyces canus
GCF_036226745.1	Streptomyces sp.
GCF_036226785.1	Streptomyces sp.
GCF_036226945.1	Streptomyces anthocyanicus
GCF_036227005.1	Streptomyces microflavus
GCF_036227025.1	Streptomyces microflavus
GCF_036227165.1	Streptomyces sp.
GCF_036227245.1	Streptomyces sp.
GCF_036227365.1	Streptomyces sp.
GCF_036227445.1	Streptomyces sp.
GCF_036227505.1	Streptomyces sp.
GCF_036227585.1	Streptomyces niveus
GCF_036229765.1	Streptomyces niveus
GCF_036232005.1	Streptomyces sp.
GCF_036232045.1	Streptomyces anulatus
GCF_036237135.1	Streptomyces canus
GCF_036237195.1	Streptomyces decoyicus
GCF_036237215.1	Streptomyces sp.
GCF_036237295.1	Streptomyces sp.
GCF_036237355.1	Streptomyces microflavus
GCF_036237375.1	Streptomyces sp.
GCF_036244815.1	Streptomyces sp.
GCF_036246005.1	Streptomyces sp.
GCF_036248255.1	Streptomyces sp.
GCF_036248295.1	Streptomyces sp.
GCF_036250635.1	Streptomyces sp.
GCF_036250675.1	Streptomyces sp.
GCF_036250715.1	Streptomyces brevispora
GCF_036250755.1	Streptomyces uncialis
GCF_036250945.1	Streptomyces sp.
GCF_036327775.1	Streptomyces sp.
GCF_036345055.1	Streptomyces chartreusis
GCF_036345215.1	Streptomyces platensis
GCF_036345235.1	Streptomyces sp.
GCF_036345255.1	Streptomyces sp.
GCF_036345975.1	Streptomyces clavifer
GCF_036345995.1	Streptomyces sp.
GCF_036346085.1	Streptomyces longwoodensis
GCF_036346615.1	Streptomyces sp.
GCF_036346915.1	Streptomyces anulatus
GCF_036346935.1	Streptomyces sp.
GCF_036347175.1	Streptomyces platensis
GCF_900186835.1	Pasteurella dagmatis
GCF_900236475.1	Streptomyces chartreusis
GCF_900236505.1	Streptomyces chartreusis
GCF_900475585.1	Streptococcus suis
GCF_900638495.1	Streptococcus agalactiae
GCF_901543625.1	Streptococcus suis
GCF_902702745.1	Streptococcus suis
GCF_902702755.1	Streptococcus suis
GCF_902702785.1	Streptococcus suis
GCF_947096915.1	Streptococcus suis
GCF_947097575.1	Streptococcus suis
GCF_947098765.1	Streptococcus suis
GCF_947098835.1	Streptococcus suis
GCF_947098855.1	Streptococcus suis
GCF_947099305.1	Streptococcus suis
GCF_949787645.1	Streptococcus agalactiae
GCF_949787665.1	Photobacterium phosphoreum
GCF_949788925.1	Streptococcus agalactiae
GCF_949788935.1	Streptococcus agalactiae
GCF_963666525.1	uncultured Cohaesibacter
GCF_963674925.1	uncultured Draconibacterium
GCF_963677875.1	Thiomicrorhabdus sp.
GCF_963678185.1	uncultured Tolumonas
GCF_000007945.1	[Haemophilus] ducreyi
GCF_000008465.1	Idiomarina loihiensis
GCF_000008485.1	Legionella pneumophila
GCF_000009305.1	Helicobacter acinonychis
GCF_000015525.1	Campylobacter jejuni
GCF_000017025.1	Clostridium botulinum
GCF_000017045.1	Clostridium botulinum
GCF_000017065.1	Clostridium botulinum
GCF_000019405.1	Histophilus somni
GCF_000019645.1	Escherichia coli
GCF_000020345.1	Clostridium botulinum
GCF_000022765.1	Clostridium botulinum
GCF_000024065.1	Jonesia denitrificans
GCF_000048645.1	Legionella pneumophila
GCF_000048665.1	Legionella pneumophila
GCF_000063585.1	Clostridium botulinum
GCF_000091985.1	Helicobacter mustelae
GCF_000092345.1	Clostridium botulinum
GCF_000148915.1	Helicobacter pylori
GCF_000165525.1	Haemophilus influenzae
GCF_000197875.1	Haemophilus influenzae
GCF_000210875.1	Haemophilus influenzae
GCF_000224535.1	Helicobacter pylori
GCF_000224555.1	Helicobacter pylori
GCF_000239175.1	Legionella pneumophila
GCF_000259255.1	Helicobacter cetorum
GCF_000259275.1	Helicobacter cetorum
GCF_000277365.1	Helicobacter pylori
GCF_000277385.1	Helicobacter pylori
GCF_000317875.1	Helicobacter pylori
GCF_000347595.1	Bibersteinia trehalosi
GCF_000347615.1	Legionella pneumophila
GCF_000401175.1	Idiomarina loihiensis
GCF_000404245.1	Legionella pneumophila
GCF_000419425.1	Acinetobacter baumannii
GCF_000430385.1	Campylobacter jejuni
GCF_000465255.1	Haemophilus influenzae
GCF_000521725.1	Bibersteinia trehalosi
GCF_000521745.1	Bibersteinia trehalosi
GCF_000583775.1	Campylobacter coli
GCF_000739435.1	Actinobacillus suis
GCF_000742795.1	Glaesserella parasuis
GCF_000816185.1	Campylobacter insulaenigrae
GCF_000816265.1	Campylobacter subantarcticus
GCF_000816305.1	Campylobacter subantarcticus
GCF_000817935.1	Clostridium botulinum
GCF_000835285.1	Campylobacter jejuni
GCF_000835305.1	Campylobacter jejuni
GCF_000931605.1	Haemophilus influenzae
GCF_000963635.1	Mannheimia haemolytica
GCF_000963675.1	Mannheimia haemolytica
GCF_000968335.1	Haemophilus influenzae
GCF_001186215.2	Edwardsiella sp.
GCF_001457695.1	Campylobacter jejuni
GCF_001563565.1	Campylobacter jejuni
GCF_001566635.1	Escherichia coli
GCF_001647655.1	[Haemophilus] ducreyi
GCF_001647735.1	[Haemophilus] ducreyi
GCF_001647765.1	[Haemophilus] ducreyi
GCF_001647795.1	[Haemophilus] ducreyi
GCF_001647855.1	[Haemophilus] ducreyi
GCF_001647875.1	[Haemophilus] ducreyi
GCF_001647895.1	[Haemophilus] ducreyi
GCF_001647915.1	[Haemophilus] ducreyi
GCF_001677075.2	Legionella pneumophila
GCF_001686905.1	Campylobacter jejuni
GCF_001693335.1	Helicobacter enhydrae
GCF_001717625.1	Campylobacter jejuni
GCF_001721965.1	Campylobacter jejuni
GCF_001721985.1	Campylobacter jejuni
GCF_001729265.2	Edwardsiella piscicida
GCF_001752705.1	Legionella pneumophila
GCF_001752725.1	Legionella pneumophila
GCF_001752745.1	Legionella pneumophila
GCF_001752765.1	Legionella pneumophila
GCF_001752785.1	Legionella pneumophila
GCF_001752805.1	Legionella pneumophila
GCF_001752825.1	Legionella pneumophila
GCF_001752845.1	Legionella pneumophila
GCF_001752865.1	Legionella pneumophila
GCF_001752885.1	Legionella pneumophila
GCF_001752905.1	Legionella pneumophila
GCF_001752925.1	Legionella pneumophila
GCF_001752945.1	Legionella pneumophila
GCF_001752965.1	Legionella pneumophila
GCF_001753065.1	Legionella pneumophila
GCF_001753085.1	Legionella pneumophila
GCF_001753105.1	Legionella pneumophila
GCF_001753125.1	Legionella pneumophila
GCF_001753145.1	Legionella pneumophila
GCF_001753265.1	Legionella pneumophila
GCF_001753285.1	Legionella pneumophila
GCF_001753305.1	Legionella pneumophila
GCF_001753325.1	Legionella pneumophila
GCF_001753345.1	Legionella pneumophila
GCF_001753365.1	Legionella pneumophila
GCF_001753385.1	Legionella pneumophila
GCF_001753405.1	Legionella pneumophila
GCF_001766275.1	Legionella pneumophila
GCF_001766295.1	Legionella pneumophila
GCF_001766315.1	Legionella pneumophila
GCF_001766335.1	Legionella pneumophila
GCF_001766355.1	Legionella pneumophila
GCF_001766375.1	Legionella pneumophila
GCF_001767215.1	Campylobacter jejuni
GCF_001856725.1	Haemophilus influenzae
GCF_001865415.1	Campylobacter jejuni
GCF_001865475.1	Campylobacter coli
GCF_001865495.1	Campylobacter coli
GCF_001865595.1	Campylobacter jejuni
GCF_001879605.1	Clostridium botulinum
GCF_001879625.1	Clostridium botulinum
GCF_001889365.1	Clostridium botulinum
GCF_001921905.1	Clostridium botulinum
GCF_001921925.1	Clostridium botulinum
GCF_001941585.1	Legionella pneumophila
GCF_002012145.1	Escherichia coli
GCF_002012305.1	Escherichia coli
GCF_002055635.1	Escherichia coli
GCF_002180095.1	Escherichia coli
GCF_002180275.1	Escherichia coli
GCF_002208665.2	[Haemophilus] ducreyi
GCF_002209005.1	Campylobacter jejuni
GCF_002209145.2	Jonesia denitrificans
GCF_002214785.1	Campylobacter jejuni
GCF_002224385.1	Campylobacter jejuni
GCF_002285575.1	Mannheimia haemolytica
GCF_002285595.1	Mannheimia haemolytica
GCF_002285615.1	Mannheimia haemolytica
GCF_002285815.1	Mannheimia haemolytica
GCF_002777455.1	Glaesserella parasuis
GCF_002865745.1	Clostridium botulinum
GCF_002865845.1	Clostridium botulinum
GCF_002871915.2	Aerococcus loyolae
GCF_002895205.1	Escherichia albertii
GCF_002944935.1	Escherichia coli
GCF_002966575.1	Haemophilus influenzae
GCF_002966595.1	Haemophilus influenzae
GCF_002966655.1	Haemophilus influenzae
GCF_002966675.1	Haemophilus influenzae
GCF_002966695.1	Haemophilus influenzae
GCF_002966715.1	Haemophilus influenzae
GCF_002966735.1	Haemophilus influenzae
GCF_002988215.2	Haemophilus influenzae
GCF_002988885.2	Haemophilus influenzae
GCF_003003755.1	Legionella pneumophila
GCF_003004065.1	Legionella pneumophila
GCF_003004135.1	Legionella pneumophila
GCF_003004155.1	Legionella pneumophila
GCF_003004215.1	Legionella pneumophila
GCF_003004275.1	Legionella pneumophila
GCF_003004315.1	Legionella pneumophila
GCF_003004335.1	Legionella pneumophila
GCF_003019715.1	Fusobacterium necrophorum
GCF_003055625.1	Flavobacterium magnum
GCF_003058345.1	Clostridium botulinum
GCF_003058445.1	Clostridium botulinum
GCF_003074715.2	Edwardsiella piscicida
GCF_003074755.2	Edwardsiella piscicida
GCF_003074855.2	Edwardsiella piscicida
GCF_003112395.2	Edwardsiella piscicida
GCF_003204155.1	Escherichia coli
GCF_003286645.3	Aerococcus tenax
GCF_003286825.2	Aerococcus loyolae
GCF_003286935.1	Glaesserella parasuis
GCF_003345315.1	Clostridium botulinum
GCF_003345335.1	Clostridium botulinum
GCF_003351425.1	Haemophilus influenzae
GCF_003351465.1	Haemophilus influenzae
GCF_003351585.1	Haemophilus influenzae
GCF_003353065.1	Cyclonatronum proteinivorum
GCF_003368185.1	Campylobacter jejuni
GCF_003368245.1	Campylobacter jejuni
GCF_003425465.1	Haemophilus influenzae
GCF_003425485.1	Haemophilus influenzae
GCF_003425765.1	Haemophilus influenzae
GCF_003431385.1	Acinetobacter baumannii
GCF_003571825.1	Escherichia coli
GCF_003687415.2	Glutamicibacter nicotianae
GCF_003732525.1	Fusobacterium necrophorum
GCF_003856995.1	Escherichia coli
GCF_003932935.1	Brevibacterium aurantiacum
GCF_003999315.1	Brevibacterium aurantiacum
GCF_003999645.1	Campylobacter jejuni
GCF_004153325.1	Edwardsiella piscicida
GCF_004307315.1	Campylobacter coli
GCF_004564095.1	Acinetobacter baumannii
GCF_004803775.1	Campylobacter mucosalis
GCF_004924295.1	Campylobacter jejuni
GCF_006094275.1	Glutamicibacter creatinolyticus
GCF_006364635.1	Legionella pneumophila
GCF_006517115.1	Alteromonas mediterranea
GCF_007833375.1	Clostridium botulinum
GCF_007833435.1	Clostridium botulinum
GCF_007855275.1	Glutamicibacter halophytocola
GCF_007963885.1	Mannheimia haemolytica
GCF_007964065.1	Mannheimia haemolytica
GCF_007964225.1	Mannheimia haemolytica
GCF_007964465.1	Mannheimia haemolytica
GCF_007964685.1	Mannheimia haemolytica
GCF_007964925.1	Mannheimia haemolytica
GCF_007965355.1	Mannheimia haemolytica
GCF_007965585.1	Mannheimia haemolytica
GCF_007965745.1	Mannheimia haemolytica
GCF_007965905.1	Mannheimia haemolytica
GCF_007966105.1	Mannheimia haemolytica
GCF_007974085.1	Mannheimia haemolytica
GCF_007975225.1	Mannheimia haemolytica
GCF_007975765.1	Mannheimia haemolytica
GCF_007976025.1	Mannheimia haemolytica
GCF_007976245.1	Mannheimia haemolytica
GCF_007978505.1	Mannheimia haemolytica
GCF_007978725.1	Mannheimia haemolytica
GCF_007978905.1	Mannheimia haemolytica
GCF_007979225.1	Mannheimia haemolytica
GCF_007979365.1	Mannheimia haemolytica
GCF_007979905.1	Mannheimia haemolytica
GCF_007980045.1	Mannheimia haemolytica
GCF_007980145.1	Mannheimia haemolytica
GCF_007980285.1	Mannheimia haemolytica
GCF_007980445.1	Mannheimia haemolytica
GCF_007980645.1	Mannheimia haemolytica
GCF_007980785.1	Mannheimia haemolytica
GCF_007980905.1	Mannheimia haemolytica
GCF_007980965.1	Mannheimia haemolytica
GCF_007980985.1	Mannheimia haemolytica
GCF_007981005.1	Mannheimia haemolytica
GCF_007981025.1	Mannheimia haemolytica
GCF_007981045.1	Mannheimia haemolytica
GCF_008033135.1	Chitinolyticbacter meiyuanensis
GCF_008085775.1	Histophilus somni
GCF_008370855.1	Glutamicibacter sp.
GCF_008586745.1	Haemophilus influenzae
GCF_008586805.1	Haemophilus influenzae
GCF_008586825.1	Haemophilus influenzae
GCF_008632635.1	Acinetobacter baumannii
GCF_008727315.1	Campylobacter coli
GCF_008727495.1	Campylobacter coli
GCF_008831525.1	Haemophilus influenzae
GCF_009455505.1	Acinetobacter baumannii
GCF_009707445.1	Glaesserella parasuis
GCF_009733885.1	Clostridium botulinum
GCF_009738145.1	Escherichia coli
GCF_009797025.1	Cellulophaga sp.
GCF_011044355.1	Escherichia coli
GCF_011455495.1	Frederiksenia canicola
GCF_011455695.1	Mannheimia granulomatis
GCF_012161415.1	Escherichia albertii
GCF_012844365.1	Brevibacterium sp.
GCF_013201605.1	Campylobacter ornithocola
GCF_013285285.1	Glaesserella parasuis
GCF_013372185.1	Campylobacter lari
GCF_013372205.1	Campylobacter mucosalis
GCF_013389555.1	Campylobacter jejuni
GCF_013389575.1	Campylobacter jejuni
GCF_013393785.1	Campylobacter jejuni
GCF_013465595.1	Campylobacter jejuni
GCF_013465795.1	Campylobacter jejuni
GCF_013466015.1	Campylobacter jejuni
GCF_013466235.1	Campylobacter jejuni
GCF_013882995.1	Citrobacter freundii
GCF_013883595.1	Citrobacter freundii
GCF_014068615.1	Clostridium botulinum
GCF_014169915.1	Escherichia coli
GCF_014656605.1	Escherichia coli
GCF_014672815.1	Glutamicibacter nicotianae
GCF_014701215.1	Haemophilus influenzae
GCF_014788985.1	Chromobacterium haemolyticum
GCF_014789345.1	Legionella pneumophila
GCF_014931215.1	Campylobacter sp.
GCF_014931275.1	Haemophilus parainfluenzae
GCF_014931495.1	Haemophilus influenzae
GCF_015218525.1	Acinetobacter sp.
GCF_015245165.1	Campylobacter jejuni
GCF_015832095.1	Glaesserella parasuis
GCF_016127155.1	Brevibacterium casei
GCF_016455325.1	Histophilus somni
GCF_016458845.1	Campylobacter jejuni
GCF_016726245.1	Brevibacterium casei
GCF_016726265.1	Campylobacter lari
GCF_016748925.1	Helicobacter pylori
GCF_016755655.1	Helicobacter pylori
GCF_016755695.1	Helicobacter pylori
GCF_016755715.1	Helicobacter pylori
GCF_016755775.1	Helicobacter pylori
GCF_016757575.1	Helicobacter pylori
GCF_016798345.1	Clostridium botulinum
GCF_016811995.1	Citrobacter sp.
GCF_016838665.1	Clostridium botulinum
GCF_016845695.1	Glaesserella parasuis
GCF_016861285.1	Haemophilus influenzae
GCF_016864335.2	Acinetobacter baumannii
GCF_016888985.1	Chromobacterium violaceum
GCF_016890085.1	Chromobacterium violaceum
GCF_016894325.1	Glutamicibacter protophormiae
GCF_016903215.1	Acinetobacter baumannii
GCF_016904715.2	Escherichia albertii
GCF_016904735.2	Escherichia albertii
GCF_017098225.2	Acinetobacter baumannii
GCF_017352255.1	Glaesserella parasuis
GCF_017352295.1	Glaesserella parasuis
GCF_017356685.1	Campylobacter jejuni
GCF_017356745.1	Campylobacter jejuni
GCF_017356765.1	Campylobacter jejuni
GCF_017356785.1	Campylobacter jejuni
GCF_017356805.1	Campylobacter jejuni
GCF_017356825.1	Campylobacter jejuni
GCF_017356845.1	Campylobacter jejuni
GCF_017356865.1	Campylobacter jejuni
GCF_017356885.1	Campylobacter jejuni
GCF_017356905.1	Campylobacter jejuni
GCF_017356925.1	Campylobacter jejuni
GCF_017356945.1	Campylobacter jejuni
GCF_017356965.1	Campylobacter jejuni
GCF_017357025.1	Campylobacter jejuni
GCF_017357085.1	Campylobacter jejuni
GCF_017948325.1	Brevibacterium oceani
GCF_018137945.1	Brevibacterium sp.
GCF_018176755.1	Campylobacter jejuni
GCF_018831605.1	Cobetia sp.
GCF_019046965.1	Acinetobacter pittii
GCF_019048465.1	Jonesia denitrificans
GCF_019703575.1	Haemophilus influenzae
GCF_019703595.1	Haemophilus influenzae
GCF_019703615.1	Haemophilus influenzae
GCF_019703655.1	Haemophilus influenzae
GCF_019703675.1	Haemophilus influenzae
GCF_019703695.1	Haemophilus influenzae
GCF_019703735.1	Haemophilus influenzae
GCF_019703755.1	Haemophilus influenzae
GCF_019703775.1	Haemophilus influenzae
GCF_019703795.1	Haemophilus influenzae
GCF_019930705.1	Haemophilus influenzae
GCF_019930765.1	Legionella pneumophila
GCF_019967875.1	Campylobacter coli
GCF_020042445.1	Campylobacter coli
GCF_020042525.1	Campylobacter coli
GCF_020042605.1	Campylobacter coli
GCF_020143085.2	Campylobacter coli
GCF_020271605.1	Acinetobacter baumannii
GCF_020510665.1	Dechloromonas denitrificans
GCF_020616475.1	Escherichia coli
GCF_020718705.1	Campylobacter jejuni
GCF_020718885.1	Campylobacter jejuni
GCF_020719285.1	Campylobacter jejuni
GCF_020719435.1	Campylobacter jejuni
GCF_020719565.1	Campylobacter jejuni
GCF_020719705.1	Campylobacter jejuni
GCF_020720025.1	Campylobacter jejuni
GCF_020720295.1	Campylobacter jejuni
GCF_020720445.1	Campylobacter jejuni
GCF_020720575.1	Campylobacter jejuni
GCF_020735825.1	Haemophilus influenzae
GCF_020783235.1	Enterobacter ludwigii
GCF_020783255.1	Enterobacter ludwigii
GCF_020810655.1	Acinetobacter baumannii
GCF_021498045.1	Escherichia coli
GCF_021559695.1	Acinetobacter baumannii
GCF_021654375.1	Aeromonas caviae
GCF_021733105.1	Edwardsiella piscicida
GCF_021733145.1	Edwardsiella piscicida
GCF_021899715.1	Acinetobacter baumannii
GCF_022220305.1	Campylobacter jejuni
GCF_022220325.1	Campylobacter jejuni
GCF_022220365.1	Campylobacter jejuni
GCF_022220425.1	Campylobacter jejuni
GCF_022343945.1	Aeromonas caviae
GCF_022404915.1	Mannheimia haemolytica
GCF_022404995.1	Mannheimia haemolytica
GCF_022460575.1	Acinetobacter baumannii
GCF_022870105.1	Legionella pneumophila
GCF_023206215.1	Butyrivibrio fibrisolvens
GCF_023360975.1	Acinetobacter baumannii
GCF_023361075.1	Acinetobacter baumannii
GCF_023516275.1	Mannheimia haemolytica
GCF_023516315.1	Mannheimia haemolytica
GCF_023516355.1	Mannheimia haemolytica
GCF_023517195.1	Acinetobacter baumannii
GCF_023517235.1	Acinetobacter baumannii
GCF_023517695.1	Acinetobacter baumannii
GCF_024266955.1	Glutamicibacter mysorens
GCF_024267655.1	Arcobacter roscoffensis
GCF_024334005.1	Campylobacter jejuni
GCF_024334025.1	Campylobacter jejuni
GCF_024334045.1	Campylobacter jejuni
GCF_024362185.1	Glutamicibacter mishrai
GCF_024398575.1	Idiomarina loihiensis
GCF_024584665.1	Clostridium botulinum
GCF_024917375.1	Escherichia coli
GCF_025152605.1	Campylobacter jejuni
GCF_025232235.1	Campylobacter jejuni
GCF_025232495.1	Campylobacter jejuni
GCF_025790865.1	Campylobacter jejuni
GCF_025946585.1	Escherichia coli
GCF_026013965.1	Brevibacterium sp.
GCF_026689395.1	Legionella pneumophila
GCF_026689415.1	Legionella pneumophila
GCF_026689435.1	Legionella pneumophila
GCF_026689455.1	Legionella pneumophila
GCF_026689475.1	Legionella pneumophila
GCF_026689495.1	Legionella pneumophila
GCF_026802075.1	Brevibacterium sp.
GCF_026968085.1	Escherichia coli
GCF_027286265.1	Legionella pneumophila
GCF_027943665.1	Clostridium botulinum
GCF_028201555.1	Brevibacterium sp.
GCF_028416655.1	Clostridium botulinum
GCF_028416675.1	Clostridium botulinum
GCF_028416695.1	Clostridium botulinum
GCF_028622235.1	Escherichia albertii
GCF_028752675.1	Escherichia coli
GCF_029223565.1	Acinetobacter baumannii
GCF_029536635.1	Escherichia coli
GCF_029718885.1	Enterobacter ludwigii
GCF_029762435.1	Glaesserella parasuis
GCF_029773345.1	Aeromonas veronii
GCF_029773665.1	Actinobacillus equuli
GCF_029773745.1	Actinobacillus equuli
GCF_029773785.1	Actinobacillus equuli
GCF_029773835.1	Actinobacillus equuli
GCF_029773855.1	Actinobacillus equuli
GCF_029773875.1	Actinobacillus equuli
GCF_029773895.1	Actinobacillus equuli
GCF_029774095.1	Actinobacillus equuli
GCF_029774115.1	Actinobacillus equuli
GCF_029774195.1	Acinetobacter baumannii
GCF_029910255.1	Edwardsiella piscicida
GCF_029910275.1	Edwardsiella piscicida
GCF_030059825.1	Mannheimia bovis
GCF_030060515.1	Edwardsiella anguillarum
GCF_030060635.1	Edwardsiella anguillarum
GCF_030060725.1	Edwardsiella anguillarum
GCF_030060745.1	Edwardsiella anguillarum
GCF_030060765.1	Edwardsiella anguillarum
GCF_030060785.1	Edwardsiella anguillarum
GCF_030060805.1	Edwardsiella anguillarum
GCF_030060825.1	Edwardsiella anguillarum
GCF_030272215.1	Edwardsiella piscicida
GCF_030296775.1	Claveliimonas bilis
GCF_030515435.1	Escherichia coli
GCF_030664655.1	Campylobacter jejuni
GCF_031349165.1	Campylobacter jejuni
GCF_031587895.1	Campylobacter jejuni
GCF_031623015.1	Campylobacter jejuni
GCF_031664795.1	Escherichia coli
GCF_031665995.1	Escherichia coli
GCF_031676495.1	Campylobacter jejuni
GCF_031787095.1	Escherichia coli
GCF_032041175.1	Campylobacter jejuni
GCF_033096825.1	Campylobacter jejuni
GCF_033096985.1	Campylobacter jejuni
GCF_033097045.1	Campylobacter jejuni
GCF_033097065.1	Campylobacter jejuni
GCF_033097105.1	Campylobacter jejuni
GCF_033097225.1	Campylobacter jejuni
GCF_033097245.1	Campylobacter jejuni
GCF_033098385.1	Escherichia coli
GCF_033128325.1	Campylobacter jejuni
GCF_033129065.1	Campylobacter jejuni
GCF_033129285.1	Campylobacter jejuni
GCF_033129305.1	Campylobacter jejuni
GCF_033129365.1	Campylobacter jejuni
GCF_033129825.1	Campylobacter jejuni
GCF_033129965.1	Campylobacter jejuni
GCF_033130005.1	Campylobacter jejuni
GCF_033469325.1	Acinetobacter baumannii
GCF_034064985.1	Acinetobacter pittii
GCF_034423855.1	Escherichia coli
GCF_034423875.1	Escherichia coli
GCF_034642955.1	Escherichia coli
GCF_035324935.1	Enterobacter ludwigii
GCF_035937495.1	Acinetobacter baumannii
GCF_035940175.1	[Kitasatospora] papulosa
GCF_036237255.1	[Kitasatospora] papulosa
GCF_036250345.1	Actinacidiphila glaucinigra
GCF_900186855.1	Legionella pneumophila
GCF_900186925.1	Legionella pneumophila
GCF_900187155.1	Actinobacillus suis
GCF_900475535.1	Haemophilus influenzae
GCF_900475835.1	Jonesia denitrificans
GCF_900476215.1	Helicobacter mustelae
GCF_900478275.1	Haemophilus influenzae
GCF_900635115.1	Legionella pneumophila
GCF_900635795.1	Haemophilus influenzae
GCF_900635805.1	Haemophilus influenzae
GCF_900636955.1	Legionella pneumophila
GCF_900637395.1	Campylobacter upsaliensis
GCF_900637885.1	Campylobacter insulaenigrae
GCF_900638105.1	Haemophilus influenzae
GCF_900638165.1	Campylobacter jejuni
GCF_900638195.1	Campylobacter jejuni
GCF_900638205.1	Campylobacter jejuni
GCF_900638235.1	Campylobacter jejuni
GCF_900638485.1	Helicobacter cholecystus
GCF_900638675.1	Campylobacter insulaenigrae
GCF_901472485.1	Haemophilus influenzae
GCF_901482605.1	Hathewaya histolytica
GCF_904863255.1	Escherichia coli
GCF_905330545.2	Escherichia coli
GCF_912579705.1	Campylobacter jejuni
GCF_000014885.1	Shewanella piezotolerans
GCF_000227665.2	Thiomicrospira aerophila
GCF_000234745.1	Pasteurella multocida
GCF_000280865.2	Streptomyces auratus
GCF_000316645.1	Nostoc sp.
GCF_000349765.2	Mannheimia haemolytica
GCF_000349785.2	Mannheimia haemolytica
GCF_000359525.1	Streptomyces albidoflavus
GCF_000364805.1	Streptomyces sp.
GCF_000376645.1	Mannheimia haemolytica
GCF_000422095.1	Mannheimia haemolytica
GCF_000422145.1	Mannheimia haemolytica
GCF_000439255.1	Salmonella bongori
GCF_000439735.1	Mannheimia haemolytica
GCF_000444875.1	Streptomyces collinus
GCF_000521655.1	Mannheimia varigena
GCF_000521695.1	Mannheimia varigena
GCF_000695235.1	Streptomyces noursei
GCF_000722765.2	Streptococcus mitis
GCF_000730215.1	Streptococcus agalactiae
GCF_000730255.1	Streptococcus agalactiae
GCF_000747295.1	Sinorhizobium meliloti
GCF_000754275.1	Pasteurella multocida
GCF_000770115.1	Vibrio harveyi
GCF_000816025.1	Streptomyces sp.
GCF_000828615.1	Thiolapillus brandeum
GCF_000830005.1	Streptomyces vietnamensis
GCF_000831105.1	Streptococcus agalactiae
GCF_000831125.1	Streptococcus agalactiae
GCF_000831145.1	Streptococcus agalactiae
GCF_000931445.1	Streptomyces cyaneogriseus
GCF_000935185.3	Streptomyces noursei
GCF_001011035.1	Streptomyces sp.
GCF_001244315.1	Vibrio parahaemolyticus
GCF_001267885.1	Streptomyces ambofaciens
GCF_001272635.1	Streptococcus suis
GCF_001484565.1	Streptomyces sp.
GCF_001513675.1	Microbacterium sp.
GCF_001542625.1	Streptomyces griseochromogenes
GCF_001577385.1	Streptomyces albidoflavus
GCF_001598115.1	Streptomyces sp.
GCF_001636035.1	Vibrio parahaemolyticus
GCF_001654495.1	Streptomyces sp.
GCF_001663095.1	Pasteurella multocida
GCF_001682175.1	Vibrio parahaemolyticus
GCF_001685355.1	Streptomyces lincolnensis
GCF_001693675.1	Streptomyces clavuligerus
GCF_001700835.1	Vibrio parahaemolyticus
GCF_001713355.1	Methyloversatilis sp.
GCF_001721885.1	Pasteurella multocida
GCF_001729485.1	Streptomyces lydicus
GCF_001767235.1	Moorena producens
GCF_001887055.1	Vibrio parahaemolyticus
GCF_001895285.1	Marinilactibacillus sp.
GCF_001908435.2	Vibrio harveyi
GCF_001931635.1	Streptomyces sp.
GCF_001983975.1	Streptomyces malaysiensis
GCF_002005225.1	Streptomyces pactum
GCF_002005305.1	Shewanella psychrophila
GCF_002021875.1	Streptomyces hygroscopicus
GCF_002073695.2	Streptococcus agalactiae
GCF_002082175.1	Streptomyces violaceoruber
GCF_002090335.1	Streptomyces sp.
GCF_002128305.1	Streptomyces marincola
GCF_002197165.1	Sinorhizobium meliloti
GCF_002197325.1	Streptococcus agalactiae
GCF_002209725.2	Vibrio parahaemolyticus
GCF_002215135.1	Vibrio vulnificus
GCF_002220985.3	Vibrio parahaemolyticus
GCF_002407505.1	Pseudoalteromonas sp.
GCF_002591335.1	Streptomyces malaysiensis
GCF_002736265.1	Streptococcus suis
GCF_002812405.1	Streptomyces malaysiensis
GCF_002847285.1	Streptomyces sp.
GCF_002859265.1	Pasteurella multocida
GCF_002859285.1	Pasteurella multocida
GCF_002859305.1	Pasteurella multocida
GCF_002859325.1	Pasteurella multocida
GCF_002859345.1	Pasteurella multocida
GCF_002859365.1	Pasteurella multocida
GCF_002859385.1	Pasteurella multocida
GCF_002859405.1	Pasteurella multocida
GCF_002859425.1	Pasteurella multocida
GCF_002859445.1	Pasteurella multocida
GCF_002859485.1	Pasteurella multocida
GCF_002859525.1	Pasteurella multocida
GCF_002871855.1	Pseudoglutamicibacter albus
GCF_002891825.2	Pasteurella multocida
GCF_002891845.2	Pasteurella multocida
GCF_002910725.2	Streptomyces sp.
GCF_002910775.2	Streptomyces sp.
GCF_002943895.1	Streptomyces sp.
GCF_002948995.1	Pasteurella multocida
GCF_002953395.1	Vibrio diabolicus
GCF_003047125.1	Vibrio vulnificus
GCF_003147545.1	Streptomyces globisporus
GCF_003173275.1	Streptomyces sp.
GCF_003288055.1	Streptococcus agalactiae
GCF_003330865.1	Streptomyces atratus
GCF_003344445.1	Streptomyces lincolnensis
GCF_003344965.1	Streptomyces paludis
GCF_003367705.1	Microbacterium foliorum
GCF_003402875.1	Pasteurella multocida
GCF_003402895.1	Pasteurella multocida
GCF_003402915.1	Pasteurella multocida
GCF_003402935.1	Pasteurella multocida
GCF_003403315.2	Thermaerobacter sp.
GCF_003454755.1	Streptomyces clavuligerus
GCF_003589885.1	Thermomonospora amylolytica
GCF_003610995.1	Streptomyces griseus
GCF_003612715.1	Vibrio parahaemolyticus
GCF_003627815.1	Streptomyces hundungensis
GCF_003675325.1	Streptomyces dangxiongensis
GCF_003812445.1	Streptococcus sp.
GCF_003812685.1	Streptococcus sp.
GCF_003856715.1	Microbacterium sp.
GCF_003945505.1	Streptomyces sp.
GCF_003945545.1	Streptomyces sp.
GCF_003955715.1	Streptomyces aquilus
GCF_003970715.1	Streptomyces luteoverticillatus
GCF_003994375.1	Streptomyces lydicus
GCF_003994395.1	Streptomyces griseoviridis
GCF_004000565.1	Microbacterium oxydans
GCF_004104485.1	Streptomyces sp.
GCF_004104505.1	Streptomyces sp.
GCF_004328625.1	Streptomyces seoulensis
GCF_005222485.1	Streptomyces griseoviridis
GCF_005234135.1	Pseudorhodobacter turbinis
GCF_005490965.1	Streptomyces sp.
GCF_005517195.1	Streptomyces vilmorinianum
GCF_005519465.1	Streptomyces clavuligerus
GCF_006274235.1	Pasteurella multocida
GCF_006351865.1	Pasteurella multocida
GCF_006974005.1	Streptomyces malaysiensis
GCF_008642315.1	Streptomyces venezuelae
GCF_008642335.1	Streptomyces venezuelae
GCF_008642355.1	Streptomyces venezuelae
GCF_008642375.1	Streptomyces venezuelae
GCF_008693625.1	Vibrio parahaemolyticus
GCF_008693845.1	Pasteurella multocida
GCF_008704495.1	Streptomyces kanamyceticus
GCF_008704575.1	Streptomyces galilaeus
GCF_008704855.1	Streptomyces platensis
GCF_008705135.1	Streptomyces coeruleorubidus
GCF_008705255.1	Streptomyces venezuelae
GCF_008931305.1	Streptomyces coelicolor
GCF_009184865.1	Streptomyces phaeolivaceus
GCF_009296025.1	Streptomyces tsukubensis
GCF_009299385.1	Streptomyces cinereoruber
GCF_009498295.1	Oceanihabitans sp.
GCF_009665495.1	Vibrio parahaemolyticus
GCF_009671065.1	Neisseria brasiliensis
GCF_009696665.2	Paracoccus sp.
GCF_009696685.2	Paracoccus sp.
GCF_009763425.1	Vibrio parahaemolyticus
GCF_009763565.1	Vibrio parahaemolyticus
GCF_009796285.1	Streptomyces broussonetiae
GCF_009832925.1	Streptomyces sp.
GCF_009834105.1	Streptomyces sp.
GCF_009834125.1	Streptomyces sp.
GCF_009866825.1	Streptococcus sp.
GCF_010587025.1	Rodentibacter caecimuris
GCF_011006355.1	Streptomyces albus
GCF_011149495.1	Pasteurella multocida
GCF_011300875.1	Sanguibacter sp.
GCF_011751035.2	Streptomyces sp.
GCF_011820545.1	Streptomyces sp.
GCF_012273535.1	Streptomyces sp.
GCF_012275145.1	Streptomyces sp.
GCF_013046785.1	Streptomyces argyrophylli
GCF_013085465.1	Streptomyces asoensis
GCF_013138145.1	Salmonella bongori
GCF_013364155.1	Streptomyces sp.
GCF_013364195.1	Streptomyces sp.
GCF_013364335.1	Streptomyces buecherae
GCF_013375055.1	Streptomyces chartreusis
GCF_013401535.1	Streptomyces sp.
GCF_013414305.1	Streptomyces sp.
GCF_013423905.1	Streptomyces sp.
GCF_013488145.1	Streptococcus suis
GCF_013693715.1	Streptomyces albidoflavus
GCF_014083905.1	Streptomyces lincolnensis
GCF_014216315.1	Streptomyces finlayi
GCF_014489615.1	Streptomyces genisteinicus
GCF_014489635.1	Streptomyces roseirectus
GCF_014495705.1	Streptomyces sp.
GCF_014495805.1	Pasteurella multocida
GCF_014621695.1	Streptomyces xanthii
GCF_014701115.1	Streptomyces aurantiacus
GCF_015040615.1	Microbacterium sp.
GCF_015244315.1	Streptomyces olivaceus
GCF_015689475.1	Streptomyces malaysiensis
GCF_015708605.1	Streptomyces clavuligerus
GCF_015710995.1	Streptomyces gardneri
GCF_015767735.1	Streptomyces clavuligerus
GCF_015767755.1	Streptomyces clavuligerus
GCF_015767775.1	Streptomyces clavuligerus
GCF_015767795.1	Streptomyces clavuligerus
GCF_015767815.1	Streptomyces clavuligerus
GCF_015767855.1	Streptomyces clavuligerus
GCF_015767875.1	Streptomyces clavuligerus
GCF_015767895.1	Streptomyces clavuligerus
GCF_015767915.1	Streptomyces clavuligerus
GCF_015767935.1	Streptomyces clavuligerus
GCF_016467295.1	Streptomyces murinus
GCF_016757755.1	Shewanella sp.
GCF_016804005.1	Streptomyces pratensis
GCF_016906265.1	Streptomyces californicus
GCF_017916255.1	Streptomyces mobaraensis
GCF_017933115.1	Streptomyces scabiei
GCF_017933255.1	Streptomyces scabiei
GCF_018069625.1	Streptomyces yatensis
GCF_018310535.1	Streptomyces mirabilis
GCF_018316655.1	Nocardiopsis changdeensis
GCF_019287315.1	Streptomyces sp.
GCF_019443525.1	Microbacterium sp.
GCF_019598965.1	Nocardiopsis sp.
GCF_019703895.1	Streptomyces sp.
GCF_019754255.1	Pasteurella multocida
GCF_019754275.1	Pasteurella multocida
GCF_019880305.1	Streptomyces decoyicus
GCF_019967855.1	Streptococcus suis
GCF_020034555.1	Pasteurella canis
GCF_020042685.1	Pasteurella canis
GCF_020423085.1	Pectobacterium versatile
GCF_020541945.1	Streptococcus suis
GCF_020616555.1	Streptomyces longhuiensis
GCF_020740535.1	Streptomyces profundus
GCF_020810595.1	Pasteurella canis
GCF_020810675.1	Pasteurella canis
GCF_020971725.1	Pasteurella multocida
GCF_021028635.1	Streptomyces huasconensis
GCF_021172025.1	Microbacterium resistens
GCF_021233395.1	Streptomyces sp.
GCF_021383925.1	Streptomyces sp.
GCF_021441825.1	Streptomyces spinosirectus
GCF_021491675.1	Streptomyces sp.
GCF_021496465.1	Streptomyces collinus
GCF_021496485.1	Streptomyces collinus
GCF_021496785.1	Streptomyces sp.
GCF_021654555.1	Streptococcus ruminantium
GCF_022026295.1	Streptomyces sp.
GCF_022179625.1	Pasteurella multocida
GCF_022385335.1	Streptomyces deccanensis
GCF_022647665.1	Streptomyces formicae
GCF_022695595.1	Streptomyces sp.
GCF_022695635.1	Streptomyces sp.
GCF_022807935.1	Streptomyces sp.
GCF_023168385.1	Streptomyces sp.
GCF_023206515.1	Vibrio parahaemolyticus
GCF_023277965.1	Streptomyces sp.
GCF_023498005.1	Streptomyces durmitorensis
GCF_023515955.1	Streptomyces sp.
GCF_023516375.1	Mannheimia haemolytica
GCF_023516395.1	Mannheimia haemolytica
GCF_023573125.1	Pasteurella multocida
GCF_023587085.1	Pasteurella multocida
GCF_023587205.1	Pasteurella multocida
GCF_023716545.1	Vibrio sp.
GCF_023716605.1	Vibrio sp.
GCF_023716645.1	Vibrio sp.
GCF_023716705.1	Vibrio sp.
GCF_023973125.1	Photobacterium damselae
GCF_024297125.1	Streptomyces cavourensis
GCF_024347395.1	Vibrio cortegadensis
GCF_024349765.1	Streptomyces nigrescens
GCF_024449095.1	Vibrio coralliilyticus
GCF_024583075.1	Streptococcus suis
GCF_024612035.1	Streptomyces sp.
GCF_024701375.2	Streptomyces sp.
GCF_024722495.1	Pectobacterium parvum
GCF_024752535.1	Streptomyces albus
GCF_024971095.1	Microbacterium neungamense
GCF_025151995.1	Ruminococcus gauvreauii
GCF_025163575.1	Streptomyces noursei
GCF_025252265.1	Streptomyces angustmyceticus
GCF_025642135.1	Streptomyces cynarae
GCF_025836995.1	Microbacterium sp.
GCF_025917705.1	Vibrio parahaemolyticus
GCF_025998255.1	Proteus mirabilis
GCF_026626005.1	Streptomyces sp.
GCF_026635925.1	Streptomyces albidoflavus
GCF_026650865.1	Vibrio parahaemolyticus
GCF_026651645.1	Vibrio alginolyticus
GCF_026898115.1	Streptomyces sp.
GCF_027107535.1	Streptomyces sp.
GCF_027270315.1	Streptomyces cinnabarinus
GCF_027497475.1	Streptomyces nigrescens
GCF_027497495.1	Streptomyces tubercidicus
GCF_027626975.1	Streptomyces nigrescens
GCF_027947595.1	Streptomyces lienomycini
GCF_028198125.1	Streptomyces sp.
GCF_028198145.1	Microbacterium sp.
GCF_028464045.1	Streptomyces sp.
GCF_028472845.1	Microbacterium sp.
GCF_028472865.1	Vibrio parahaemolyticus
GCF_028473745.1	Streptomyces sp.
GCF_028736035.1	Streptomyces sp.
GCF_028747205.1	Streptomyces sp.
GCF_028752555.1	Streptomyces clavuligerus
GCF_028870195.1	Streptomyces sp.
GCF_028898705.1	Vibrio harveyi
GCF_028898825.1	Vibrio harveyi
GCF_029011195.1	Streptococcus agalactiae
GCF_029011865.1	Streptomyces yunnanensis
GCF_029027945.1	Microbacterium maritypicum
GCF_029167025.1	Streptomyces noursei
GCF_029278525.1	Streptococcus agalactiae
GCF_029906565.1	Streptomyces sp.
GCF_029916885.1	Mannheimia haemolytica
GCF_030028635.1	Streptomyces sp.
GCF_030122705.1	Streptomyces malaysiensis
GCF_030291795.1	Streptomyces antimycoticus
GCF_030294945.1	Streptomyces graminofaciens
GCF_030296835.1	Pseudoalteromonas sp.
GCF_030323365.1	Streptococcus agalactiae
GCF_030345275.1	Streptomyces albidoflavus
GCF_030370055.1	Mannheimia haemolytica
GCF_030370095.1	Mannheimia haemolytica
GCF_030370115.1	Mannheimia haemolytica
GCF_030370135.1	Mannheimia haemolytica
GCF_030370155.1	Mannheimia haemolytica
GCF_030370175.1	Mannheimia haemolytica
GCF_030370235.1	Mannheimia haemolytica
GCF_030370255.1	Mannheimia haemolytica
GCF_030370275.1	Mannheimia haemolytica
GCF_030370295.1	Mannheimia haemolytica
GCF_030370315.1	Mannheimia haemolytica
GCF_030370335.1	Mannheimia haemolytica
GCF_030370395.1	Mannheimia haemolytica
GCF_030388665.1	Streptomyces flavofungini
GCF_030406865.1	Streptomyces sp.
GCF_030450125.1	Streptomyces sp.
GCF_030506235.1	Streptomyces sp.
GCF_030551255.1	Streptomyces sp.
GCF_030719235.1	Streptomyces poriferorum
GCF_030719255.1	Streptomyces poriferorum
GCF_030719275.1	Streptomyces laculatispora
GCF_030863945.1	Streptomyces sp.
GCF_030994145.1	Vibrio parahaemolyticus
GCF_030994225.1	Vibrio parahaemolyticus
GCF_031202875.1	Streptococcus agalactiae
GCF_031202895.1	Streptococcus agalactiae
GCF_031203395.1	Streptococcus agalactiae
GCF_031203445.1	Streptococcus agalactiae
GCF_031203465.1	Streptococcus agalactiae
GCF_031203715.1	Streptococcus agalactiae
GCF_031348265.1	Streptomyces collinus
GCF_031593255.1	Streptomyces violaceus
GCF_031597775.1	Streptomyces sp.
GCF_031767055.1	Streptomyces sp.
GCF_032121415.1	Streptomyces parvus
GCF_032229325.1	Streptomyces sp.
GCF_033216215.1	Streptomyces coeruleorubidus
GCF_033343995.1	Streptomyces solicathayae
GCF_033550875.1	Rhodoferax ferrireducens
GCF_034054735.1	Streptomyces sp.
GCF_034300035.1	Streptomyces atratus
GCF_034376045.1	Roseivirga spongicola
GCF_034424055.1	Streptomyces murinus
GCF_034479045.1	Streptomyces albidoflavus
GCF_034480095.1	Vibrio parahaemolyticus
GCF_034480505.1	Vibrio parahaemolyticus
GCF_034668605.1	Streptomyces sp.
GCF_035225465.1	Pasteurella multocida
GCF_035666055.1	Pasteurella multocida
GCF_035917115.1	Streptomyces longwoodensis
GCF_035917175.1	Streptomyces sp.
GCF_035917215.1	Streptomyces sp.
GCF_035917275.1	Streptomyces sp.
GCF_035917315.1	Streptomyces sp.
GCF_035917415.1	Streptomyces sp.
GCF_035917435.1	Streptomyces microflavus
GCF_035917555.1	Streptomyces cyaneofuscatus
GCF_035917695.1	Streptomyces decoyicus
GCF_035917795.1	Streptomyces brevispora
GCF_035917835.1	Streptomyces sp.
GCF_035917935.1	Streptomyces sp.
GCF_035918015.1	Streptomyces sp.
GCF_035918035.1	Streptomyces hirsutus
GCF_035918095.1	Streptomyces sp.
GCF_035918115.1	Streptomyces cyaneofuscatus
GCF_035953295.1	Streptomyces sp.
GCF_035954115.1	Streptomyces anulatus
GCF_035957715.1	Streptomyces phaeochromogenes
GCF_035974335.1	Streptomyces sp.
GCF_035974355.1	Streptomyces sp.
GCF_035975855.1	Streptomyces sp.
GCF_035983595.1	Streptomyces sp.
GCF_035988225.1	Streptomyces sp.
GCF_035988865.1	Streptomyces sp.
GCF_035989285.1	Streptomyces sp.
GCF_035991205.1	Streptomyces zaomyceticus
GCF_036002945.1	Streptomyces sp.
GCF_036006205.1	Streptomyces xinghaiensis
GCF_036010345.1	Streptomyces sp.
GCF_036010505.1	Streptomyces sp.
GCF_036010605.1	Streptomyces sp.
GCF_036010645.1	Streptomyces sp.
GCF_036013645.1	Streptomyces sp.
GCF_036013815.1	Streptomyces decoyicus
GCF_036014015.1	Streptomyces sp.
GCF_036014075.1	Streptomyces violaceus
GCF_036014115.1	Streptomyces sp.
GCF_036014135.1	Streptomyces sp.
GCF_036035005.1	Streptomyces zaomyceticus
GCF_036048035.1	Streptomyces sp.
GCF_036061255.1	Streptomyces sp.
GCF_036077095.1	Streptomyces sp.
GCF_036082875.1	Streptomyces sp.
GCF_036101175.1	Streptomyces coelicoflavus
GCF_036108815.1	Streptomyces sp.
GCF_036124195.1	Streptomyces caniferus
GCF_036158715.1	Streptomyces sp.
GCF_036172715.1	Streptomyces bobili
GCF_036173105.1	Streptomyces sp.
GCF_036174265.1	Streptomyces sp.
GCF_036177905.1	Streptomyces canus
GCF_036178845.1	Streptomyces sp.
GCF_036178885.1	Streptomyces caniferus
GCF_036178905.1	Streptomyces sp.
GCF_036188265.1	Streptomyces sp.
GCF_036190545.1	Streptomyces griseoaurantiacus
GCF_036191345.1	Streptomyces sp.
GCF_036192275.1	Streptomyces sp.
GCF_036202585.1	Streptomyces mirabilis
GCF_036205185.1	Streptomyces sp.
GCF_036226365.1	Streptomyces sp.
GCF_036226385.1	Streptomyces sp.
GCF_036226425.1	Streptomyces caniferus
GCF_036226445.1	Streptomyces sp.
GCF_036226665.1	Streptomyces sp.
GCF_036226705.1	Streptomyces pseudovenezuelae
GCF_036226845.1	Streptomyces pseudovenezuelae
GCF_036226885.1	Streptomyces sp.
GCF_036226905.1	Streptomyces pseudovenezuelae
GCF_036226925.1	Streptomyces sp.
GCF_036226985.1	Streptomyces sp.
GCF_036227225.1	Streptomyces sp.
GCF_036227265.1	Streptomyces sp.
GCF_036227285.1	Streptomyces canus
GCF_036227405.1	Streptomyces sp.
GCF_036227425.1	Streptomyces sp.
GCF_036227465.1	Streptomyces sp.
GCF_036227485.1	Streptomyces sp.
GCF_036227565.1	Streptomyces sp.
GCF_036231355.1	Streptomyces sp.
GCF_036231945.1	Streptomyces sp.
GCF_036232025.1	Streptomyces sp.
GCF_036237235.1	Streptomyces sp.
GCF_036238395.1	Streptomyces albidoflavus
GCF_036239155.1	Streptomyces albidoflavus
GCF_036240795.1	Streptomyces sp.
GCF_036241575.1	Streptomyces sp.
GCF_036243435.1	Streptomyces pseudovenezuelae
GCF_036243495.1	Streptomyces luteogriseus
GCF_036243895.1	Streptomyces sp.
GCF_036247045.1	Streptomyces albidoflavus
GCF_036248275.1	Streptomyces sp.
GCF_036248315.1	Streptomyces mirabilis
GCF_036248545.1	Streptomyces sp.
GCF_036250085.1	Streptomyces sp.
GCF_036250695.1	Streptomyces sp.
GCF_036250835.1	Streptomyces sp.
GCF_036287475.1	Streptomyces iakyrus
GCF_036345035.1	Streptomyces pseudovenezuelae
GCF_036345075.1	Streptomyces sp.
GCF_036345095.1	Streptomyces sp.
GCF_036345115.1	Streptomyces griseorubiginosus
GCF_036345135.1	Streptomyces griseorubiginosus
GCF_036345175.1	Streptomyces sp.
GCF_036345955.1	Streptomyces sp.
GCF_036346555.1	Streptomyces anulatus
GCF_036346595.1	Streptomyces sp.
GCF_036346815.1	Streptomyces murinus
GCF_036346995.1	Streptomyces sp.
GCF_036347015.1	Streptomyces sp.
GCF_036347095.1	Streptomyces griseoaurantiacus
GCF_036347135.1	Streptomyces sp.
GCF_036347155.1	Streptomyces longwoodensis
GCF_036347195.1	Streptomyces sp.
GCF_036347215.1	Streptomyces luteogriseus
GCF_036541045.1	Streptomyces prasinus
GCF_900078265.1	Streptococcus agalactiae
GCF_900086555.1	Neisseria weaveri
GCF_900187085.1	Streptococcus merionis
GCF_900187275.1	Pasteurella multocida
GCF_900474905.1	Streptococcus agalactiae
GCF_900636375.1	Streptococcus agalactiae
GCF_900638315.1	Pasteurella multocida
GCF_900638415.1	Streptococcus agalactiae
GCF_900638685.1	Neisseria weaveri
GCF_904066215.1	Microbacterium sp.
GCF_904440635.1	Streptomyces sp.
GCF_904440645.1	Streptomyces sp.
GCF_947311705.1	Streptomyces albidoflavus
GCF_949789875.1	Streptococcus agalactiae
GCF_949790945.1	Streptococcus agalactiae
GCF_949793775.1	Streptococcus agalactiae
GCF_963668705.1	Thiomicrorhabdus sp.
GCF_000006825.1	Pasteurella multocida
GCF_000013265.1	Escherichia coli
GCF_000014845.1	Escherichia coli
GCF_000025745.1	Escherichia coli
GCF_000026285.1	Escherichia coli
GCF_000091305.1	Streptomyces scabiei
GCF_000147815.2	Streptomyces violaceusniger
GCF_000148585.2	Streptococcus mitis
GCF_000148605.1	Escherichia coli
GCF_000255915.1	Pasteurella multocida
GCF_000259545.1	Pasteurella multocida
GCF_000261345.2	Streptomyces globisporus
GCF_000328545.1	Thermoanaerobacterium thermosaccharolyticum
GCF_000348565.1	Edwardsiella piscicida
GCF_000427075.1	Streptococcus agalactiae
GCF_000493595.2	Escherichia coli
GCF_000495635.2	Streptomyces sp.
GCF_000521765.1	Bibersteinia trehalosi
GCF_000709535.1	Salmonella bongori
GCF_000761215.1	Streptomyces glaucescens
GCF_000772045.1	Streptomyces sp.
GCF_000802245.2	Streptomyces pluripotens
GCF_000816465.3	Streptomyces pluripotens
GCF_000968515.1	Escherichia coli
GCF_001021595.1	Escherichia coli
GCF_001266755.1	Microbacterium sp.
GCF_001278075.1	Streptomyces pristinaespiralis
GCF_001280325.1	Escherichia coli
GCF_001280345.1	Escherichia coli
GCF_001280385.1	Escherichia coli
GCF_001280405.1	Escherichia coli
GCF_001578435.2	Pasteurella multocida
GCF_001592705.1	Legionella pneumophila
GCF_001602095.1	Helicobacter himalayensis
GCF_001660585.1	Escherichia coli
GCF_001670425.2	Pasteurella multocida
GCF_001870085.1	Campylobacter jejuni
GCF_001870105.1	Campylobacter jejuni
GCF_001874445.1	Pasteurella multocida
GCF_001889345.1	Clostridium botulinum
GCF_001956795.1	Pasteurella multocida
GCF_001975955.2	Microbacterium oleivorans
GCF_001999985.1	Helicobacter bilis
GCF_002009175.1	Streptomyces niveus
GCF_002024865.1	Escherichia coli
GCF_002059225.1	Pasteurella multocida
GCF_002068175.1	Pasteurella multocida
GCF_002073255.2	Pasteurella multocida
GCF_002082195.1	Streptomyces gilvosporeus
GCF_002162175.1	Histophilus somni
GCF_002162195.1	Histophilus somni
GCF_002162215.1	Histophilus somni
GCF_002162235.1	Histophilus somni
GCF_002162255.1	Histophilus somni
GCF_002162275.1	Histophilus somni
GCF_002162295.1	Histophilus somni
GCF_002209045.1	Campylobacter jejuni
GCF_002215095.1	Escherichia coli
GCF_002240035.1	Legionella clemsonensis
GCF_002285755.1	Escherichia coli
GCF_002288075.1	Streptomyces sp.
GCF_002327185.1	Clostridium chauvoei
GCF_002327205.1	Clostridium chauvoei
GCF_002407125.1	Campylobacter jejuni
GCF_002796585.1	Escherichia coli
GCF_002832675.1	Streptomyces sp.
GCF_002844685.1	Escherichia coli
GCF_002846135.1	Escherichia coli
GCF_002865765.1	Clostridium botulinum
GCF_002946835.1	Streptomyces dengpaensis
GCF_002953435.1	Escherichia coli
GCF_003003955.1	Legionella pneumophila
GCF_003019315.1	Fusobacterium mortiferum
GCF_003020885.1	Escherichia coli
GCF_003061385.1	Pasteurella multocida
GCF_003074735.2	Edwardsiella piscicida
GCF_003074775.2	Edwardsiella piscicida
GCF_003076395.1	Escherichia coli
GCF_003112995.3	Edwardsiella piscicida
GCF_003113095.2	Edwardsiella piscicida
GCF_003330845.1	Streptomyces sp.
GCF_003344465.1	Escherichia coli
GCF_003346835.1	Escherichia coli
GCF_003368205.1	Campylobacter jejuni
GCF_003425445.1	Haemophilus influenzae
GCF_003425625.1	Haemophilus influenzae
GCF_003425645.1	Haemophilus influenzae
GCF_003425815.1	Haemophilus influenzae
GCF_003433515.1	Maritalea myrionectae
GCF_003443735.1	Streptomyces sp.
GCF_003571685.1	Escherichia coli
GCF_003665435.1	Streptomyces fungicidicus
GCF_003697165.2	Escherichia coli
GCF_003932965.1	Brevibacterium aurantiacum
GCF_003963535.1	Streptomyces cyaneochromogenes
GCF_003971585.1	Campylobacter jejuni
GCF_004328885.1	Clostridium chauvoei
GCF_004353225.1	Marinobacter sp.
GCF_004792555.1	Pasteurella multocida
GCF_004792575.1	Pasteurella multocida
GCF_004792595.1	Pasteurella multocida
GCF_004792615.1	Pasteurella multocida
GCF_004792635.1	Pasteurella multocida
GCF_004803895.1	Streptomyces hawaiiensis
GCF_007197595.1	Shigella flexneri
GCF_007289895.1	Catenovulum sediminis
GCF_007833255.1	Escherichia coli
GCF_007833295.1	Escherichia coli
GCF_008085695.1	Histophilus somni
GCF_008085735.1	Histophilus somni
GCF_008085755.1	Histophilus somni
GCF_008085795.1	Histophilus somni
GCF_008085815.1	Histophilus somni
GCF_008085835.1	Histophilus somni
GCF_008086425.1	Histophilus somni
GCF_008087605.1	Histophilus somni
GCF_008124085.1	Escherichia coli
GCF_008632595.1	Escherichia coli
GCF_008632955.1	Streptomyces tendae
GCF_008704715.1	Streptomyces chartreusis
GCF_008931805.1	Moritella marina
GCF_009498375.1	Campylobacter jejuni
GCF_009649035.1	Campylobacter jejuni
GCF_009665215.1	Vibrio navarrensis
GCF_009730395.1	Campylobacter coli
GCF_009730515.1	Streptococcus mitis
GCF_009739555.1	Pasteurella multocida
GCF_009739575.1	Pasteurella multocida
GCF_009763445.1	Vibrio parahaemolyticus
GCF_009834145.1	Streptomyces sp.
GCF_009930895.1	Streptococcus agalactiae
GCF_010443215.1	Pasteurella multocida
GCF_010523235.1	Streptomyces sp.
GCF_011045615.1	Providencia sp.
GCF_011045635.1	Providencia sp.
GCF_011390865.1	Pasteurella multocida
GCF_011617465.1	Brevibacterium pigmentatum
GCF_012149945.1	Escherichia coli
GCF_012224585.1	Campylobacter jejuni
GCF_012931585.1	Aeromonas salmonicida
GCF_012934475.1	Escherichia coli
GCF_012934555.1	Escherichia coli
GCF_012934595.1	Escherichia coli
GCF_012934615.1	Escherichia coli
GCF_012934655.2	Escherichia coli
GCF_013085905.2	Escherichia coli
GCF_013315695.1	Escherichia coli
GCF_013364175.1	Streptomyces sp.
GCF_013372305.1	Escherichia coli
GCF_013394065.1	Streptomyces rectiverticillatus
GCF_014058465.1	Pasteurella multocida
GCF_014058485.1	Pasteurella multocida
GCF_014058585.1	Pasteurella multocida
GCF_014058605.1	Pasteurella multocida
GCF_014058625.1	Pasteurella multocida
GCF_014058645.1	Pasteurella multocida
GCF_014058665.1	Pasteurella multocida
GCF_014070435.1	Streptomyces pristinaespiralis
GCF_014151825.1	Campylobacter jejuni
GCF_014151925.1	Campylobacter jejuni
GCF_014168775.1	Escherichia coli
GCF_014169775.1	Escherichia coli
GCF_014522225.1	Escherichia coli
GCF_014701095.1	Streptomyces tuirus
GCF_014858525.1	Escherichia coli
GCF_014892695.1	Aeromonas simiae
GCF_014905095.1	Sulfurimonas marina
GCF_014930875.1	Escherichia coli
GCF_015034585.1	Thermobifida fusca
GCF_015644765.1	Escherichia coli
GCF_016313205.1	Pasteurella multocida
GCF_016415165.1	Histophilus somni
GCF_016415185.1	Histophilus somni
GCF_016415305.1	Histophilus somni
GCF_016458865.1	Campylobacter jejuni
GCF_016653495.1	Carnobacterium sp.
GCF_016757655.1	Escherichia coli
GCF_016864175.1	Escherichia coli
GCF_016889025.1	Escherichia coli
GCF_016889105.1	Escherichia coli
GCF_016889685.1	Escherichia coli
GCF_016889865.1	Escherichia coli
GCF_016903335.1	Escherichia coli
GCF_016903435.1	Escherichia coli
GCF_016903615.1	Escherichia coli
GCF_016903835.1	Escherichia coli
GCF_016903915.1	Escherichia coli
GCF_016904075.1	Escherichia coli
GCF_016904175.1	Escherichia coli
GCF_016904195.1	Escherichia coli
GCF_016904435.1	Escherichia coli
GCF_016904455.1	Escherichia coli
GCF_016904475.1	Escherichia coli
GCF_016904535.1	Escherichia coli
GCF_016904615.1	Escherichia coli
GCF_016917755.1	Streptomyces noursei
GCF_017356665.1	Escherichia coli
GCF_017815735.1	Pasteurella multocida
GCF_017900955.1	Escherichia coli
GCF_017900975.1	Escherichia coli
GCF_017900995.1	Escherichia coli
GCF_017901015.1	Escherichia coli
GCF_018128905.1	Streptomyces sp.
GCF_018139065.1	Pasteurella multocida
GCF_018343835.1	Escherichia coli
GCF_018798845.1	Escherichia coli
GCF_018968665.1	Pasteurella sp.
GCF_019047825.1	Streptococcus mitis
GCF_019134675.1	Pasteurella multocida
GCF_019285735.1	Paeniglutamicibacter sp.
GCF_019443605.1	Escherichia coli
GCF_019443685.1	Escherichia coli
GCF_019774615.1	Streptomyces sp.
GCF_019915505.1	Escherichia coli
GCF_019916005.1	Pasteurella multocida
GCF_019930805.1	Legionella pneumophila
GCF_020026305.1	Streptomyces sp.
GCF_020034615.1	Streptomyces sp.
GCF_020410765.1	Streptomyces marincola
GCF_020714665.1	Pasteurella canis
GCF_020783515.1	Streptomyces fungicidicus
GCF_020783535.1	Streptomyces fungicidicus
GCF_020783555.1	Streptomyces fungicidicus
GCF_020783575.1	Streptomyces fungicidicus
GCF_020783595.1	Streptomyces fungicidicus
GCF_020783615.1	Streptomyces fungicidicus
GCF_020783635.1	Streptomyces fungicidicus
GCF_020827655.1	Escherichia coli
GCF_020971705.1	Mannheimia haemolytica
GCF_021398955.1	Escherichia coli
GCF_021398975.1	Escherichia coli
GCF_021441925.1	Pasteurella multocida
GCF_021474145.1	Pasteurella multocida
GCF_021729965.1	Vibrio parahaemolyticus
GCF_021730025.1	Vibrio parahaemolyticus
GCF_021733125.1	Edwardsiella piscicida
GCF_022221585.1	Streptomyces inhibens
GCF_022353625.1	Escherichia coli
GCF_022369435.1	Campylobacter molothri
GCF_022404895.1	Mannheimia haemolytica
GCF_022404935.1	Mannheimia haemolytica
GCF_022404955.1	Mannheimia haemolytica
GCF_022439445.1	Escherichia coli
GCF_022439465.1	Escherichia coli
GCF_022493275.1	Escherichia coli
GCF_022493635.1	Escherichia coli
GCF_022493815.1	Escherichia coli
GCF_022494745.1	Escherichia coli
GCF_022557195.1	Aeromonas hydrophila
GCF_022559245.1	Escherichia coli
GCF_022576915.1	Escherichia coli
GCF_022654245.1	Escherichia coli
GCF_022654545.1	Escherichia coli
GCF_022760215.1	Escherichia coli
GCF_022827705.1	Streptomyces sp.
GCF_022846675.1	Streptomyces hygroscopicus
GCF_022982975.1	Escherichia coli
GCF_023184555.1	Providencia rettgeri
GCF_023205935.1	Vibrio parahaemolyticus
GCF_023205955.1	Vibrio parahaemolyticus
GCF_023206035.1	Vibrio cyclitrophicus
GCF_023572905.1	Pasteurella multocida
GCF_023572925.1	Pasteurella multocida
GCF_023572945.1	Pasteurella multocida
GCF_023573005.1	Pasteurella multocida
GCF_023573065.1	Pasteurella multocida
GCF_023586965.1	Pasteurella multocida
GCF_023587585.1	Pasteurella multocida
GCF_023587605.1	Pasteurella multocida
GCF_023587625.1	Pasteurella multocida
GCF_023587665.1	Pasteurella multocida
GCF_023587685.1	Pasteurella multocida
GCF_023587705.1	Pasteurella multocida
GCF_023587725.1	Pasteurella multocida
GCF_023658305.1	Escherichia coli
GCF_024055505.2	Pasteurella multocida
GCF_024125695.1	Escherichia coli
GCF_024296945.1	Acinetobacter sp.
GCF_024347415.1	Vibrio crassostreae
GCF_024362265.1	Microbacterium maritypicum
GCF_024396535.1	Escherichia coli
GCF_024396555.1	Escherichia coli
GCF_024396575.1	Escherichia coli
GCF_024499195.1	Streptomyces sp.
GCF_024917535.1	Escherichia coli
GCF_025244805.1	Escherichia coli
GCF_025369715.1	Escherichia coli
GCF_025369875.1	Escherichia coli
GCF_025402955.1	Streptomyces sp.
GCF_025642155.1	Streptomyces sp.
GCF_025808215.1	Escherichia coli
GCF_025847205.1	Pararhizobium sp.
GCF_025854275.1	Streptomyces peucetius
GCF_025854375.1	Glutamicibacter sp.
GCF_026074175.1	Escherichia coli
GCF_026153335.1	Pasteurella multocida
GCF_026153375.1	Pasteurella multocida
GCF_026168515.1	Brevibacterium spongiae
GCF_026248865.1	Escherichia coli
GCF_026315065.1	Pasteurella multocida
GCF_026315085.1	Pasteurella multocida
GCF_026315125.1	Pasteurella multocida
GCF_026315145.1	Pasteurella multocida
GCF_026315165.1	Pasteurella multocida
GCF_026315225.1	Pasteurella multocida
GCF_026409225.1	Pasteurella multocida
GCF_026409245.1	Pasteurella multocida
GCF_026409265.1	Pasteurella multocida
GCF_026409285.1	Pasteurella multocida
GCF_026409305.1	Pasteurella multocida
GCF_026409325.1	Pasteurella multocida
GCF_026409345.1	Pasteurella multocida
GCF_026409365.1	Pasteurella multocida
GCF_026506335.1	Escherichia coli
GCF_026559675.1	Microbacterium oxydans
GCF_026636255.1	Pasteurella multocida
GCF_026651085.1	Escherichia coli
GCF_026689515.1	Legionella pneumophila
GCF_026723845.1	Pasteurella multocida
GCF_026810505.1	Streptomyces sp.
GCF_027944595.1	Escherichia coli
GCF_027944715.1	Escherichia coli
GCF_027944775.1	Escherichia coli
GCF_027945015.1	Escherichia coli
GCF_027945035.1	Escherichia coli
GCF_027945095.1	Escherichia coli
GCF_028609685.1	Vibrio parahaemolyticus
GCF_028609705.1	Vibrio parahaemolyticus
GCF_028622875.1	Streptomyces sp.
GCF_028657925.1	Fusobacterium nucleatum
GCF_028743695.1	Vibrio alginolyticus
GCF_028898625.1	Vibrio harveyi
GCF_028898665.1	Vibrio harveyi
GCF_029026145.1	Legionella cardiaca
GCF_029094505.1	Microbacterium horticulturae
GCF_029224005.1	Pasteurella multocida
GCF_029536615.1	Escherichia coli
GCF_029536655.1	Escherichia coli
GCF_029625275.1	Streptococcus agalactiae
GCF_029762475.1	Pasteurella multocida
GCF_029774055.1	Actinobacillus equuli
GCF_029855145.1	Escherichia coli
GCF_029870635.2	Escherichia coli
GCF_029873295.1	Pasteurella multocida
GCF_029987435.1	Acinetobacter pittii
GCF_030035405.1	Campylobacter jejuni
GCF_030059805.1	Pasteurella multocida
GCF_030122645.1	Pasteurella multocida
GCF_030168655.1	Legionella pneumophila
GCF_030344975.1	Escherichia coli
GCF_030347075.1	Escherichia coli
GCF_030347095.1	Escherichia coli
GCF_030347115.1	Escherichia coli
GCF_030347135.1	Escherichia coli
GCF_030347155.1	Escherichia coli
GCF_030347175.1	Escherichia coli
GCF_030370195.1	Mannheimia haemolytica
GCF_030370215.1	Mannheimia haemolytica
GCF_030370355.1	Mannheimia haemolytica
GCF_030370375.1	Mannheimia haemolytica
GCF_030389595.1	Escherichia coli
GCF_030503855.1	Marivirga salinarum
GCF_030515175.1	Escherichia coli
GCF_030515195.1	Escherichia coli
GCF_030515215.1	Escherichia coli
GCF_030515255.1	Escherichia coli
GCF_030515355.1	Escherichia coli
GCF_030515375.1	Escherichia coli
GCF_030515455.1	Escherichia coli
GCF_030515475.1	Escherichia coli
GCF_030515495.1	Escherichia coli
GCF_030515575.1	Escherichia coli
GCF_030520245.1	Streptomyces sp.
GCF_030625705.1	Escherichia coli
GCF_030930975.1	Streptomyces sp.
GCF_030988725.1	Escherichia coli
GCF_030988825.1	Escherichia coli
GCF_030991425.1	Escherichia coli
GCF_030995185.1	Escherichia coli
GCF_030996425.1	Escherichia coli
GCF_030996785.1	Escherichia coli
GCF_031188105.1	Pasteurella multocida
GCF_031191225.1	Streptococcus mitis
GCF_031432935.1	Pasteurella multocida
GCF_031587475.1	Pasteurella multocida
GCF_031588995.1	Pasteurella multocida
GCF_031589515.1	Pasteurella multocida
GCF_031759225.1	Mesobacillus jeotgali
GCF_031844685.1	Actinacidiphila sp.
GCF_031885415.1	Microbacterium forte
GCF_032259785.1	Pasteurella multocida
GCF_032260685.1	Pasteurella multocida
GCF_032295845.1	Escherichia coli
GCF_032296485.1	Escherichia coli
GCF_032598635.1	Pasteurella multocida
GCF_032598655.1	Pasteurella multocida
GCF_032927875.1	Streptomyces collinus
GCF_033096585.1	Campylobacter jejuni
GCF_033096785.1	Campylobacter jejuni
GCF_033109485.1	Streptomyces cyaneofuscatus
GCF_034057835.1	Streptomyces sp.
GCF_034071365.1	Acinetobacter pittii
GCF_034644215.1	Escherichia coli
GCF_035220555.1	Pasteurella multocida
GCF_035222775.1	Pasteurella multocida
GCF_035226565.1	Pasteurella multocida
GCF_035658435.1	Bibersteinia trehalosi
GCF_035658475.1	Streptomyces sp.
GCF_035666075.1	Pasteurella multocida
GCF_035917495.1	Streptomyces sp.
GCF_035917575.1	Streptomyces sp.
GCF_035917815.1	Streptomyces sp.
GCF_035917915.1	Streptomyces anulatus
GCF_035918195.1	Streptomyces sp.
GCF_035918235.1	Streptomyces sp.
GCF_035979555.1	Streptomyces tubercidicus
GCF_035982055.1	Streptomyces sp.
GCF_035983575.1	Streptomyces sp.
GCF_036010325.1	Streptomyces sp.
GCF_036010485.1	Streptomyces sp.
GCF_036010525.1	Streptomyces anulatus
GCF_036010565.1	Streptomyces chartreusis
GCF_036013785.1	Streptomyces tubercidicus
GCF_036013955.1	Streptomyces sp.
GCF_036014215.1	Streptomyces sp.
GCF_036130235.1	Streptomyces sp.
GCF_036147535.1	Streptomyces sp.
GCF_036173125.1	Streptomyces sp.
GCF_036181745.1	Streptomyces sp.
GCF_036182465.1	Streptomyces sp.
GCF_036187565.1	Streptomyces sp.
GCF_036189065.1	Streptomyces griseoaurantiacus
GCF_036196325.1	Streptomyces sp.
GCF_036206925.1	Streptomyces anulatus
GCF_036226405.1	Streptomyces sp.
GCF_036226645.1	Streptomyces sp.
GCF_036226765.1	Streptomyces sp.
GCF_036226805.1	Streptomyces melanogenes
GCF_036227325.1	Streptomyces sp.
GCF_036227625.1	Streptomyces anulatus
GCF_036227645.1	Streptomyces anulatus
GCF_036228565.1	Streptomyces sp.
GCF_036231965.1	Streptomyces sp.
GCF_036237275.1	Streptomyces sp.
GCF_036287665.1	Escherichia coli
GCF_036345155.1	Streptomyces sp.
GCF_036347055.1	Streptomyces sp.
GCF_036347715.1	Pasteurella multocida
GCF_036416355.1	Pasteurella multocida
GCF_036541015.1	Streptomyces xanthochromogenes
GCF_900168365.1	Clostridium chauvoei
GCF_900478175.1	Pasteurella multocida
GCF_900636625.1	Pasteurella multocida
GCF_900638665.1	Pasteurella multocida
GCF_900683745.1	Paraprevotella xylaniphila
GCF_902703415.1	Escherichia coli
GCF_902705295.2	Escherichia coli
GCF_904863105.1	Escherichia coli
GCF_905071835.1	Escherichia coli
