ERR479009_bin.11	{'marker lineage': 'root', '# genomes': 5656, '# markers': 56, '# marker sets': 24, '0': 56, '1': 0, '2': 0, '3': 0, '4': 0, '5+': 0, 'Completeness': 0.0, 'Contamination': 0.0, 'GC': 0.3480366470713455, 'GC std': 0.021558526699058722, 'Genome size': 488552, '# ambiguous bases': 0, '# scaffolds': 91, '# contigs': 91, 'Longest scaffold': 14246, 'Longest contig': 14246, 'N50 (scaffolds)': 5963, 'N50 (contigs)': 5963, 'Mean scaffold length': 5368.7032967032965, 'Mean contig length': 5368.7032967032965, 'Coding density': 0.852036221323421, 'Translation table': 11, '# predicted genes': 593, 'GCN0': ['PF00562', 'PF00380', 'PF00276', 'PF00298', 'PF00312', 'PF00347', 'PF00623', 'PF00162', 'PF00338', 'PF00238', 'PF00831', 'PF02978', 'PF00181', 'PF00164', 'PF13184', 'PF00177', 'PF11987', 'TIGR00329', 'PF03947', 'PF03719', 'PF00281', 'PF00237', 'PF00410', 'PF04563', 'PF00861', 'PF04561', 'TIGR00392', 'TIGR00755', 'PF03484', 'PF00416', 'TIGR00468', 'PF00203', 'PF00673', 'PF00573', 'PF01000', 'PF00572', 'PF04560', 'PF00466', 'PF00366', 'PF00411', 'PF01509', 'PF08459', 'PF03946', 'PF04997', 'PF00687', 'PF04565', 'PF00252', 'TIGR00344', 'TIGR00967', 'PF05000', 'PF00333', 'PF00189', 'PF04983', 'PF00318', 'PF00297', 'PF01193'], 'GCN1': [], 'GCN2': [], 'GCN3': [], 'GCN4': [], 'GCN5+': []}
ERR479069_bin.17	{'marker lineage': 'root', '# genomes': 5656, '# markers': 56, '# marker sets': 24, '0': 56, '1': 0, '2': 0, '3': 0, '4': 0, '5+': 0, 'Completeness': 0.0, 'Contamination': 0.0, 'GC': 0.37619179770365807, 'GC std': 0.017382252685282044, 'Genome size': 637797, '# ambiguous bases': 0, '# scaffolds': 67, '# contigs': 67, 'Longest scaffold': 37367, 'Longest contig': 37367, 'N50 (scaffolds)': 14826, 'N50 (contigs)': 14826, 'Mean scaffold length': 9519.358208955224, 'Mean contig length': 9519.358208955224, 'Coding density': 0.8615562631997329, 'Translation table': 11, '# predicted genes': 727, 'GCN0': ['PF00562', 'PF00380', 'PF00276', 'PF00298', 'PF00312', 'PF00347', 'PF00623', 'PF00162', 'PF00338', 'PF00238', 'PF00831', 'PF02978', 'PF00181', 'PF00164', 'PF13184', 'PF00177', 'PF11987', 'TIGR00329', 'PF03947', 'PF03719', 'PF00281', 'PF00237', 'PF00410', 'PF04563', 'PF00861', 'PF04561', 'TIGR00392', 'TIGR00755', 'PF03484', 'PF00416', 'TIGR00468', 'PF00203', 'PF00673', 'PF00573', 'PF01000', 'PF00572', 'PF04560', 'PF00466', 'PF00366', 'PF00411', 'PF01509', 'PF08459', 'PF03946', 'PF04997', 'PF00687', 'PF04565', 'PF00252', 'TIGR00344', 'TIGR00967', 'PF05000', 'PF00333', 'PF00189', 'PF04983', 'PF00318', 'PF00297', 'PF01193'], 'GCN1': [], 'GCN2': [], 'GCN3': [], 'GCN4': [], 'GCN5+': []}
ERR479067_bin.19	{'marker lineage': 'root', '# genomes': 5656, '# markers': 56, '# marker sets': 24, '0': 55, '1': 1, '2': 0, '3': 0, '4': 0, '5+': 0, 'Completeness': 4.166666666666667, 'Contamination': 0.0, 'GC': 0.3923330341788659, 'GC std': 0.011221304751888884, 'Genome size': 890287, '# ambiguous bases': 0, '# scaffolds': 51, '# contigs': 51, 'Longest scaffold': 81310, 'Longest contig': 81310, 'N50 (scaffolds)': 35686, 'N50 (contigs)': 35686, 'Mean scaffold length': 17456.607843137255, 'Mean contig length': 17456.607843137255, 'Coding density': 0.8687996118105734, 'Translation table': 11, '# predicted genes': 917, 'GCN0': ['PF00562', 'PF00380', 'PF00276', 'PF00298', 'PF00312', 'PF00347', 'PF00623', 'PF00162', 'PF00338', 'PF00238', 'PF00831', 'PF02978', 'PF00181', 'PF00164', 'PF13184', 'PF00177', 'PF11987', 'TIGR00329', 'PF03947', 'PF03719', 'PF00281', 'PF00237', 'PF00410', 'PF04563', 'PF00861', 'PF04561', 'TIGR00392', 'TIGR00755', 'PF03484', 'PF00416', 'TIGR00468', 'PF00203', 'PF00673', 'PF00573', 'PF01000', 'PF00572', 'PF04560', 'PF00466', 'PF00366', 'PF00411', 'PF01509', 'PF03946', 'PF04997', 'PF00687', 'PF04565', 'PF00252', 'TIGR00344', 'TIGR00967', 'PF05000', 'PF00333', 'PF00189', 'PF04983', 'PF00318', 'PF00297', 'PF01193'], 'GCN1': ['PF08459'], 'GCN2': [], 'GCN3': [], 'GCN4': [], 'GCN5+': []}
ERR479006_bin.4	{'marker lineage': 'root', '# genomes': 5656, '# markers': 56, '# marker sets': 24, '0': 56, '1': 0, '2': 0, '3': 0, '4': 0, '5+': 0, 'Completeness': 0.0, 'Contamination': 0.0, 'GC': 0.3670279379213881, 'GC std': 0.022293679918281496, 'Genome size': 1256858, '# ambiguous bases': 0, '# scaffolds': 217, '# contigs': 217, 'Longest scaffold': 37574, 'Longest contig': 37574, 'N50 (scaffolds)': 6431, 'N50 (contigs)': 6431, 'Mean scaffold length': 5791.972350230415, 'Mean contig length': 5791.972350230415, 'Coding density': 0.8561619530607276, 'Translation table': 11, '# predicted genes': 1494, 'GCN0': ['PF00562', 'PF00380', 'PF00276', 'PF00298', 'PF00312', 'PF00347', 'PF00623', 'PF00162', 'PF00338', 'PF00238', 'PF00831', 'PF02978', 'PF00181', 'PF00164', 'PF13184', 'PF00177', 'PF11987', 'TIGR00329', 'PF03947', 'PF03719', 'PF00281', 'PF00237', 'PF00410', 'PF04563', 'PF00861', 'PF04561', 'TIGR00392', 'TIGR00755', 'PF03484', 'PF00416', 'TIGR00468', 'PF00203', 'PF00673', 'PF00573', 'PF01000', 'PF00572', 'PF04560', 'PF00466', 'PF00366', 'PF00411', 'PF01509', 'PF08459', 'PF03946', 'PF04997', 'PF00687', 'PF04565', 'PF00252', 'TIGR00344', 'TIGR00967', 'PF05000', 'PF00333', 'PF00189', 'PF04983', 'PF00318', 'PF00297', 'PF01193'], 'GCN1': [], 'GCN2': [], 'GCN3': [], 'GCN4': [], 'GCN5+': []}
ERR479054_bin.5	{'marker lineage': 'root', '# genomes': 5656, '# markers': 56, '# marker sets': 24, '0': 54, '1': 2, '2': 0, '3': 0, '4': 0, '5+': 0, 'Completeness': 2.0833333333333335, 'Contamination': 0.0, 'GC': 0.367094437732622, 'GC std': 0.03223257309669876, 'Genome size': 2090838, '# ambiguous bases': 0, '# scaffolds': 439, '# contigs': 439, 'Longest scaffold': 24121, 'Longest contig': 24121, 'N50 (scaffolds)': 5038, 'N50 (contigs)': 5038, 'Mean scaffold length': 4762.728929384966, 'Mean contig length': 4762.728929384966, 'Coding density': 0.8563293760683516, 'Translation table': 11, '# predicted genes': 2502, 'GCN0': ['PF00562', 'PF00380', 'PF00276', 'PF00298', 'PF00312', 'PF00347', 'PF00623', 'PF00162', 'PF00338', 'PF00238', 'PF00831', 'PF02978', 'PF00181', 'PF00164', 'PF13184', 'PF00177', 'PF11987', 'TIGR00329', 'PF03947', 'PF03719', 'PF00281', 'PF00237', 'PF00410', 'PF04563', 'PF00861', 'PF04561', 'TIGR00392', 'TIGR00755', 'PF03484', 'PF00416', 'TIGR00468', 'PF00203', 'PF00673', 'PF00573', 'PF00572', 'PF04560', 'PF00466', 'PF00366', 'PF00411', 'PF01509', 'PF08459', 'PF03946', 'PF04997', 'PF00687', 'PF04565', 'PF00252', 'TIGR00344', 'TIGR00967', 'PF05000', 'PF00333', 'PF00189', 'PF04983', 'PF00318', 'PF00297'], 'GCN1': ['PF01000', 'PF01193'], 'GCN2': [], 'GCN3': [], 'GCN4': [], 'GCN5+': []}
ERR479160_bin.5	{'marker lineage': 'root', '# genomes': 5656, '# markers': 56, '# marker sets': 24, '0': 56, '1': 0, '2': 0, '3': 0, '4': 0, '5+': 0, 'Completeness': 0.0, 'Contamination': 0.0, 'GC': 0.3345865922724706, 'GC std': 0.019055966921626494, 'Genome size': 357734, '# ambiguous bases': 0, '# scaffolds': 88, '# contigs': 88, 'Longest scaffold': 16231, 'Longest contig': 16231, 'N50 (scaffolds)': 4065, 'N50 (contigs)': 4065, 'Mean scaffold length': 4065.159090909091, 'Mean contig length': 4065.159090909091, 'Coding density': 0.8693414660054678, 'Translation table': 11, '# predicted genes': 415, 'GCN0': ['PF00562', 'PF00380', 'PF00276', 'PF00298', 'PF00312', 'PF00347', 'PF00623', 'PF00162', 'PF00338', 'PF00238', 'PF00831', 'PF02978', 'PF00181', 'PF00164', 'PF13184', 'PF00177', 'PF11987', 'TIGR00329', 'PF03947', 'PF03719', 'PF00281', 'PF00237', 'PF00410', 'PF04563', 'PF00861', 'PF04561', 'TIGR00392', 'TIGR00755', 'PF03484', 'PF00416', 'TIGR00468', 'PF00203', 'PF00673', 'PF00573', 'PF01000', 'PF00572', 'PF04560', 'PF00466', 'PF00366', 'PF00411', 'PF01509', 'PF08459', 'PF03946', 'PF04997', 'PF00687', 'PF04565', 'PF00252', 'TIGR00344', 'TIGR00967', 'PF05000', 'PF00333', 'PF00189', 'PF04983', 'PF00318', 'PF00297', 'PF01193'], 'GCN1': [], 'GCN2': [], 'GCN3': [], 'GCN4': [], 'GCN5+': []}
ERR479062_bin.14	{'marker lineage': 'k__Bacteria', '# genomes': 5449, '# markers': 104, '# marker sets': 58, '0': 91, '1': 13, '2': 0, '3': 0, '4': 0, '5+': 0, 'Completeness': 10.438871473354233, 'Contamination': 0.0, 'GC': 0.43283066005286214, 'GC std': 0.024693607167156535, 'Genome size': 552380, '# ambiguous bases': 0, '# scaffolds': 149, '# contigs': 149, 'Longest scaffold': 7840, 'Longest contig': 7840, 'N50 (scaffolds)': 3764, 'N50 (contigs)': 3764, 'Mean scaffold length': 3707.248322147651, 'Mean contig length': 3707.248322147651, 'Coding density': 0.8553948368876498, 'Translation table': 11, '# predicted genes': 627, 'GCN0': ['PF00562', 'PF00298', 'PF02130', 'PF11987', 'TIGR00329', 'PF01281', 'PF03947', 'PF00237', 'PF00410', 'PF03484', 'PF00673', 'PF01195', 'PF01409', 'PF00572', 'PF00411', 'PF01746', 'TIGR03723', 'PF01016', 'PF01250', 'PF00189', 'PF00318', 'TIGR00019', 'PF00380', 'PF02033', 'PF00623', 'PF00162', 'PF00181', 'PF00889', 'PF13184', 'PF06071', 'PF12344', 'PF10385', 'PF04560', 'PF00366', 'TIGR00460', 'PF01509', 'PF08459', 'PF08529', 'TIGR02432', 'TIGR01079', 'PF00276', 'PF00238', 'PF00831', 'PF01632', 'PF00177', 'TIGR03594', 'TIGR03263', 'PF01121', 'TIGR00084', 'TIGR00392', 'TIGR00755', 'PF01765', 'PF00203', 'PF03948', 'PF00466', 'PF03946', 'PF04997', 'PF00829', 'PF04565', 'PF00252', 'TIGR00344', 'PF04983', 'TIGR00250', 'TIGR02075', 'PF01018', 'PF00312', 'PF13603', 'PF00347', 'PF00338', 'PF04998', 'PF00164', 'PF05697', 'TIGR00922', 'TIGR00459', 'PF00281', 'PF00453', 'TIGR00855', 'PF02912', 'PF04563', 'PF04561', 'PF00416', 'PF01245', 'PF00573', 'PF02367', 'PF00687', 'PF05491', 'PF05000', 'TIGR00615', 'PF01649', 'PF00297', 'PF06421'], 'GCN1': ['PF02978', 'PF03719', 'PF01795', 'PF01668', 'PF00828', 'TIGR00810', 'PF00861', 'PF00886', 'PF00333', 'PF01193', 'PF01000', 'TIGR00967', 'PF01196'], 'GCN2': [], 'GCN3': [], 'GCN4': [], 'GCN5+': []}
ERR479079_bin.3	{'marker lineage': 'k__Bacteria', '# genomes': 5449, '# markers': 103, '# marker sets': 57, '0': 3, '1': 58, '2': 21, '3': 21, '4': 0, '5+': 0, 'Completeness': 96.49122807017544, 'Contamination': 31.18022328548644, 'GC': 0.4201388437529368, 'GC std': 0.020765225850080442, 'Genome size': 4692613, '# ambiguous bases': 0, '# scaffolds': 495, '# contigs': 495, 'Longest scaffold': 66575, 'Longest contig': 66575, 'N50 (scaffolds)': 12881, 'N50 (contigs)': 12881, 'Mean scaffold length': 9480.026262626263, 'Mean contig length': 9480.026262626263, 'Coding density': 0.8711741198347275, 'Translation table': 11, '# predicted genes': 4498, 'GCN0': ['PF00318', 'PF00889', 'TIGR00459'], 'GCN1': ['PF00562', 'PF02978', 'PF01632', 'PF02130', 'PF00177', 'PF11987', 'TIGR03594', 'TIGR00329', 'TIGR03263', 'PF01281', 'PF01121', 'TIGR00810', 'PF00886', 'TIGR00084', 'PF03484', 'PF01765', 'PF01409', 'PF03948', 'PF04997', 'PF01746', 'PF00829', 'TIGR03723', 'PF04565', 'PF01016', 'TIGR00344', 'PF01250', 'PF01668', 'PF04983', 'TIGR00250', 'TIGR02075', 'TIGR00019', 'PF02033', 'PF01018', 'PF00312', 'PF13603', 'PF00623', 'PF04998', 'PF00164', 'PF13184', 'PF06071', 'PF00453', 'PF02912', 'PF04563', 'PF04561', 'PF01245', 'PF12344', 'PF10385', 'PF02367', 'PF04560', 'TIGR00460', 'PF01509', 'PF08459', 'PF05491', 'PF05000', 'PF08529', 'TIGR00615', 'TIGR02432', 'PF06421'], 'GCN2': ['PF00298', 'PF00831', 'PF03947', 'PF00237', 'TIGR00392', 'TIGR00755', 'PF00203', 'PF01195', 'PF00572', 'PF03946', 'PF00252', 'PF00189', 'PF00380', 'PF00162', 'PF00181', 'PF05697', 'TIGR00922', 'TIGR00855', 'PF00366', 'PF00687', 'PF01649'], 'GCN3': ['TIGR01079', 'PF00276', 'PF00238', 'PF03719', 'PF00410', 'PF00861', 'PF00673', 'PF00466', 'PF00411', 'PF00333', 'PF01193', 'PF00347', 'PF00338', 'PF00281', 'PF00416', 'PF00573', 'PF01000', 'TIGR00967', 'PF01196', 'PF00297', 'PF00828'], 'GCN4': [], 'GCN5+': []}
ERR479247_bin.23	{'marker lineage': 'root', '# genomes': 5656, '# markers': 56, '# marker sets': 24, '0': 56, '1': 0, '2': 0, '3': 0, '4': 0, '5+': 0, 'Completeness': 0.0, 'Contamination': 0.0, 'GC': 0.3459469410706103, 'GC std': 0.015466309671101387, 'Genome size': 1499201, '# ambiguous bases': 0, '# scaffolds': 283, '# contigs': 283, 'Longest scaffold': 21424, 'Longest contig': 21424, 'N50 (scaffolds)': 6025, 'N50 (contigs)': 6025, 'Mean scaffold length': 5297.530035335689, 'Mean contig length': 5297.530035335689, 'Coding density': 0.8705136936274722, 'Translation table': 11, '# predicted genes': 1737, 'GCN0': ['PF00562', 'PF00380', 'PF00276', 'PF00298', 'PF00312', 'PF00347', 'PF00623', 'PF00162', 'PF00338', 'PF00238', 'PF00831', 'PF02978', 'PF00181', 'PF00164', 'PF13184', 'PF00177', 'PF11987', 'TIGR00329', 'PF03947', 'PF03719', 'PF00281', 'PF00237', 'PF00410', 'PF04563', 'PF00861', 'PF04561', 'TIGR00392', 'TIGR00755', 'PF03484', 'PF00416', 'TIGR00468', 'PF00203', 'PF00673', 'PF00573', 'PF01000', 'PF00572', 'PF04560', 'PF00466', 'PF00366', 'PF00411', 'PF01509', 'PF08459', 'PF03946', 'PF04997', 'PF00687', 'PF04565', 'PF00252', 'TIGR00344', 'TIGR00967', 'PF05000', 'PF00333', 'PF00189', 'PF04983', 'PF00318', 'PF00297', 'PF01193'], 'GCN1': [], 'GCN2': [], 'GCN3': [], 'GCN4': [], 'GCN5+': []}
ERR479235_bin.30	{'marker lineage': 'k__Bacteria', '# genomes': 5449, '# markers': 104, '# marker sets': 58, '0': 70, '1': 34, '2': 0, '3': 0, '4': 0, '5+': 0, 'Completeness': 44.827586206896555, 'Contamination': 0.0, 'GC': 0.399708742276434, 'GC std': 0.01777088455535903, 'Genome size': 1012162, '# ambiguous bases': 0, '# scaffolds': 17, '# contigs': 17, 'Longest scaffold': 187646, 'Longest contig': 187646, 'N50 (scaffolds)': 121464, 'N50 (contigs)': 121464, 'Mean scaffold length': 59538.94117647059, 'Mean contig length': 59538.94117647059, 'Coding density': 0.8882945615425198, 'Translation table': 11, '# predicted genes': 929, 'GCN0': ['PF00562', 'PF02978', 'PF02130', 'PF11987', 'TIGR00329', 'PF03947', 'PF03719', 'PF01795', 'PF00237', 'PF00410', 'PF00673', 'PF01195', 'PF00572', 'PF00411', 'PF01746', 'TIGR03723', 'PF01668', 'PF00189', 'TIGR00019', 'PF00380', 'PF02033', 'PF00623', 'PF00162', 'PF00181', 'PF13184', 'PF06071', 'PF10385', 'PF04560', 'PF00366', 'PF01509', 'PF08459', 'PF08529', 'PF00828', 'TIGR01079', 'PF00276', 'PF00238', 'PF00831', 'PF00177', 'TIGR03594', 'PF01121', 'PF00861', 'PF00886', 'TIGR00755', 'PF00203', 'PF04997', 'PF04565', 'PF00252', 'TIGR00344', 'PF00333', 'PF04983', 'TIGR00250', 'PF01193', 'PF13603', 'PF00347', 'PF00338', 'PF04998', 'PF00164', 'PF00281', 'PF04563', 'PF04561', 'PF00416', 'PF00573', 'PF01000', 'TIGR00967', 'PF05000', 'TIGR00615', 'PF01196', 'PF01649', 'PF00297', 'PF06421'], 'GCN1': ['PF00298', 'PF01281', 'PF03484', 'PF01409', 'PF01016', 'PF01250', 'PF00318', 'PF00889', 'PF12344', 'TIGR00460', 'TIGR02432', 'PF01632', 'TIGR03263', 'TIGR00810', 'TIGR00084', 'TIGR00392', 'PF01765', 'PF03948', 'PF00466', 'PF03946', 'PF00829', 'TIGR02075', 'PF01018', 'PF00312', 'PF05697', 'TIGR00922', 'TIGR00459', 'PF00453', 'TIGR00855', 'PF02912', 'PF01245', 'PF02367', 'PF00687', 'PF05491'], 'GCN2': [], 'GCN3': [], 'GCN4': [], 'GCN5+': []}
ERR479145_bin.10	{'marker lineage': 'k__Bacteria', '# genomes': 5449, '# markers': 104, '# marker sets': 58, '0': 65, '1': 38, '2': 1, '3': 0, '4': 0, '5+': 0, 'Completeness': 51.724137931034484, 'Contamination': 0.8620689655172413, 'GC': 0.40277808248970526, 'GC std': 0.011628217117418394, 'Genome size': 1048349, '# ambiguous bases': 0, '# scaffolds': 12, '# contigs': 12, 'Longest scaffold': 424814, 'Longest contig': 424814, 'N50 (scaffolds)': 126128, 'N50 (contigs)': 126128, 'Mean scaffold length': 87362.41666666667, 'Mean contig length': 87362.41666666667, 'Coding density': 0.8854293751412936, 'Translation table': 11, '# predicted genes': 980, 'GCN0': ['PF00562', 'PF02978', 'PF02130', 'PF11987', 'PF03947', 'PF03719', 'PF01795', 'PF00237', 'PF00410', 'PF00673', 'PF01195', 'PF00572', 'PF00411', 'PF01746', 'PF00189', 'TIGR00019', 'PF00380', 'PF02033', 'PF00623', 'PF00162', 'PF00181', 'PF13184', 'PF06071', 'PF10385', 'PF04560', 'PF00366', 'PF01509', 'PF08459', 'PF08529', 'PF00828', 'TIGR01079', 'PF00276', 'PF00238', 'PF00831', 'PF00177', 'PF01121', 'PF00861', 'PF00886', 'PF00203', 'PF04997', 'PF04565', 'PF00252', 'TIGR00344', 'PF00333', 'PF04983', 'TIGR00250', 'PF01193', 'PF13603', 'PF00347', 'PF00338', 'PF04998', 'PF00164', 'PF00281', 'PF04563', 'PF04561', 'PF00416', 'PF00573', 'PF02367', 'PF01000', 'TIGR00967', 'PF05000', 'PF01196', 'PF01649', 'PF00297', 'PF06421'], 'GCN1': ['PF00298', 'PF01281', 'PF03484', 'PF01409', 'TIGR03723', 'PF01016', 'PF01250', 'PF01668', 'PF00318', 'PF00889', 'PF12344', 'TIGR00460', 'TIGR02432', 'PF01632', 'TIGR03594', 'TIGR03263', 'TIGR00810', 'TIGR00084', 'TIGR00392', 'TIGR00755', 'PF01765', 'PF03948', 'PF00466', 'PF03946', 'PF00829', 'TIGR02075', 'PF01018', 'PF00312', 'PF05697', 'TIGR00922', 'TIGR00459', 'PF00453', 'TIGR00855', 'PF02912', 'PF01245', 'PF00687', 'PF05491', 'TIGR00615'], 'GCN2': ['TIGR00329'], 'GCN3': [], 'GCN4': [], 'GCN5+': []}
ERR479042_bin.7	{'marker lineage': 'k__Bacteria', '# genomes': 5449, '# markers': 104, '# marker sets': 58, '0': 93, '1': 9, '2': 1, '3': 1, '4': 0, '5+': 0, 'Completeness': 10.172413793103448, 'Contamination': 2.586206896551724, 'GC': 0.3587499897011691, 'GC std': 0.029629299908080577, 'Genome size': 1941968, '# ambiguous bases': 0, '# scaffolds': 518, '# contigs': 518, 'Longest scaffold': 15460, 'Longest contig': 15460, 'N50 (scaffolds)': 3542, 'N50 (contigs)': 3542, 'Mean scaffold length': 3748.972972972973, 'Mean contig length': 3748.972972972973, 'Coding density': 0.8587237276824334, 'Translation table': 11, '# predicted genes': 2298, 'GCN0': ['PF00562', 'PF00298', 'PF02978', 'PF02130', 'PF11987', 'TIGR00329', 'PF01281', 'PF03947', 'PF03719', 'PF00237', 'PF00410', 'PF03484', 'PF00673', 'PF01195', 'PF01409', 'PF01746', 'TIGR03723', 'PF01016', 'PF01250', 'PF01668', 'PF00189', 'TIGR00019', 'PF02033', 'PF00623', 'PF00162', 'PF00181', 'PF13184', 'PF06071', 'PF12344', 'PF10385', 'PF04560', 'PF00366', 'TIGR00460', 'PF01509', 'PF08459', 'PF08529', 'TIGR02432', 'PF00828', 'TIGR01079', 'PF00276', 'PF00238', 'PF00831', 'PF01632', 'PF00177', 'TIGR03594', 'TIGR03263', 'PF01121', 'TIGR00810', 'PF00861', 'PF00886', 'TIGR00084', 'TIGR00392', 'TIGR00755', 'PF01765', 'PF00203', 'PF03946', 'PF04997', 'PF00829', 'PF04565', 'PF00252', 'TIGR00344', 'PF00333', 'PF04983', 'TIGR00250', 'PF01193', 'TIGR02075', 'PF01018', 'PF13603', 'PF00347', 'PF00338', 'PF04998', 'PF00164', 'PF05697', 'TIGR00922', 'TIGR00459', 'PF00281', 'PF00453', 'PF02912', 'PF04563', 'PF04561', 'PF01245', 'PF00573', 'PF02367', 'PF01000', 'PF00687', 'TIGR00967', 'PF05491', 'PF05000', 'TIGR00615', 'PF01196', 'PF01649', 'PF00297', 'PF06421'], 'GCN1': ['PF01795', 'PF00572', 'PF00411', 'PF00380', 'PF03948', 'PF00466', 'PF00312', 'TIGR00855', 'PF00416'], 'GCN2': ['PF00889'], 'GCN3': ['PF00318'], 'GCN4': [], 'GCN5+': []}
ERR479249_bin.12	{'marker lineage': 'k__Bacteria', '# genomes': 5449, '# markers': 103, '# marker sets': 57, '0': 101, '1': 2, '2': 0, '3': 0, '4': 0, '5+': 0, 'Completeness': 2.6315789473684212, 'Contamination': 0.0, 'GC': 0.35251303051871274, 'GC std': 0.028289664240706024, 'Genome size': 1870033, '# ambiguous bases': 0, '# scaffolds': 383, '# contigs': 383, 'Longest scaffold': 52270, 'Longest contig': 52270, 'N50 (scaffolds)': 4962, 'N50 (contigs)': 4962, 'Mean scaffold length': 4882.592689295039, 'Mean contig length': 4882.592689295039, 'Coding density': 0.8710397089249227, 'Translation table': 11, '# predicted genes': 2254, 'GCN0': ['PF00562', 'TIGR01079', 'PF00276', 'PF00298', 'PF00238', 'PF00831', 'PF02978', 'PF01632', 'PF02130', 'PF00177', 'PF11987', 'TIGR03594', 'TIGR00329', 'TIGR03263', 'PF01281', 'PF03947', 'PF03719', 'PF00237', 'PF01121', 'PF00410', 'TIGR00810', 'PF00861', 'PF00886', 'TIGR00084', 'TIGR00392', 'TIGR00755', 'PF03484', 'PF01765', 'PF00203', 'PF00673', 'PF01409', 'PF03948', 'PF00572', 'PF00466', 'PF00411', 'PF03946', 'PF04997', 'PF01746', 'PF00829', 'TIGR03723', 'PF04565', 'PF00252', 'PF01016', 'TIGR00344', 'PF01250', 'PF01668', 'PF00333', 'PF00189', 'PF04983', 'TIGR00250', 'PF00318', 'PF01193', 'TIGR02075', 'TIGR00019', 'PF02033', 'PF01018', 'PF00312', 'PF13603', 'PF00347', 'PF00623', 'PF00162', 'PF00338', 'PF04998', 'PF00181', 'PF00164', 'PF05697', 'PF00889', 'PF13184', 'TIGR00922', 'TIGR00459', 'PF00281', 'PF06071', 'PF00453', 'TIGR00855', 'PF02912', 'PF04563', 'PF04561', 'PF00416', 'PF01245', 'PF00573', 'PF12344', 'PF10385', 'PF02367', 'PF01000', 'PF04560', 'PF00366', 'TIGR00460', 'PF01509', 'PF08459', 'PF00687', 'TIGR00967', 'PF05491', 'PF05000', 'PF08529', 'TIGR00615', 'PF01196', 'PF01649', 'TIGR02432', 'PF00297', 'PF00828', 'PF06421'], 'GCN1': ['PF01195', 'PF00380'], 'GCN2': [], 'GCN3': [], 'GCN4': [], 'GCN5+': []}
ERR479212_bin.16	{'marker lineage': 'k__Bacteria', '# genomes': 5449, '# markers': 104, '# marker sets': 58, '0': 70, '1': 25, '2': 9, '3': 0, '4': 0, '5+': 0, 'Completeness': 38.37513061650993, 'Contamination': 12.931034482758621, 'GC': 0.3773693935742294, 'GC std': 0.028115692667520654, 'Genome size': 4561663, '# ambiguous bases': 0, '# scaffolds': 764, '# contigs': 764, 'Longest scaffold': 52172, 'Longest contig': 52172, 'N50 (scaffolds)': 6522, 'N50 (contigs)': 6522, 'Mean scaffold length': 5970.763089005236, 'Mean contig length': 5970.763089005236, 'Coding density': 0.8564988250995306, 'Translation table': 11, '# predicted genes': 5250, 'GCN0': ['PF00562', 'PF02130', 'PF11987', 'TIGR00329', 'PF03947', 'PF03719', 'PF00237', 'PF00410', 'PF03484', 'PF00673', 'PF01195', 'PF01746', 'TIGR03723', 'PF00189', 'PF00318', 'PF02033', 'PF00623', 'PF00181', 'PF00889', 'PF10385', 'PF04560', 'PF00366', 'PF08459', 'TIGR02432', 'PF00828', 'TIGR01079', 'PF00276', 'PF00238', 'PF00831', 'PF00177', 'TIGR03594', 'TIGR03263', 'PF01121', 'TIGR00810', 'PF00861', 'TIGR00084', 'TIGR00392', 'TIGR00755', 'PF01765', 'PF00203', 'PF00466', 'PF04997', 'PF00829', 'PF04565', 'PF00252', 'TIGR00344', 'PF00333', 'PF04983', 'TIGR00250', 'TIGR02075', 'PF01018', 'PF00312', 'PF13603', 'PF00347', 'PF00338', 'PF04998', 'PF00164', 'PF05697', 'PF00281', 'TIGR00855', 'PF04563', 'PF04561', 'PF00573', 'PF02367', 'PF00687', 'PF05000', 'TIGR00615', 'PF01649', 'PF00297', 'PF06421'], 'GCN1': ['PF00298', 'PF02978', 'PF01795', 'PF01409', 'PF00572', 'PF00411', 'PF01016', 'PF00162', 'PF13184', 'PF06071', 'TIGR00460', 'PF01509', 'PF08529', 'PF01632', 'PF00886', 'PF03946', 'PF01193', 'TIGR00922', 'PF00453', 'PF02912', 'PF00416', 'PF01000', 'TIGR00967', 'PF05491', 'PF01196'], 'GCN2': ['PF01281', 'PF01250', 'PF01668', 'TIGR00019', 'PF00380', 'PF12344', 'PF03948', 'TIGR00459', 'PF01245'], 'GCN3': [], 'GCN4': [], 'GCN5+': []}
ERR478963_bin.7	{'marker lineage': 'k__Bacteria', '# genomes': 5449, '# markers': 104, '# marker sets': 58, '0': 64, '1': 30, '2': 9, '3': 1, '4': 0, '5+': 0, 'Completeness': 46.9435736677116, 'Contamination': 15.517241379310345, 'GC': 0.38602912418845986, 'GC std': 0.034290151081344644, 'Genome size': 5522832, '# ambiguous bases': 0, '# scaffolds': 1225, '# contigs': 1225, 'Longest scaffold': 47481, 'Longest contig': 47481, 'N50 (scaffolds)': 4604, 'N50 (contigs)': 4604, 'Mean scaffold length': 4508.434285714286, 'Mean contig length': 4508.434285714286, 'Coding density': 0.8782340292082034, 'Translation table': 11, '# predicted genes': 6269, 'GCN0': ['PF00562', 'PF00298', 'TIGR00329', 'PF03947', 'PF00237', 'PF00410', 'PF03484', 'PF00673', 'PF01195', 'PF01409', 'PF00572', 'PF00411', 'PF01746', 'TIGR03723', 'PF00189', 'PF00318', 'TIGR00019', 'PF00380', 'PF00181', 'PF00889', 'PF12344', 'PF10385', 'PF04560', 'PF00366', 'TIGR00460', 'PF08459', 'TIGR01079', 'PF00276', 'PF00238', 'PF00831', 'PF01121', 'TIGR00810', 'PF00861', 'TIGR00084', 'TIGR00392', 'PF00203', 'PF00466', 'PF03946', 'PF04565', 'PF00252', 'TIGR00344', 'PF00333', 'PF01193', 'TIGR02075', 'PF01018', 'PF00312', 'PF13603', 'PF00347', 'PF00338', 'TIGR00922', 'PF00281', 'TIGR00855', 'PF04563', 'PF04561', 'PF00416', 'PF00573', 'PF01000', 'PF00687', 'PF05491', 'TIGR00615', 'PF01196', 'PF01649', 'PF00297', 'PF06421'], 'GCN1': ['PF02978', 'PF11987', 'PF01281', 'PF03719', 'PF01795', 'PF00623', 'PF13184', 'PF01509', 'PF08529', 'TIGR02432', 'PF00828', 'PF01632', 'PF00177', 'TIGR03594', 'TIGR03263', 'PF00886', 'TIGR00755', 'PF01765', 'PF03948', 'PF04997', 'PF04983', 'TIGR00250', 'PF04998', 'TIGR00459', 'PF00453', 'PF02912', 'PF01245', 'PF02367', 'TIGR00967', 'PF05000'], 'GCN2': ['PF02130', 'PF01016', 'PF01250', 'PF01668', 'PF02033', 'PF00162', 'PF06071', 'PF00164', 'PF05697'], 'GCN3': ['PF00829'], 'GCN4': [], 'GCN5+': []}
ERR479077_bin.31	{'marker lineage': 'k__Bacteria', '# genomes': 5449, '# markers': 104, '# marker sets': 58, '0': 33, '1': 9, '2': 35, '3': 19, '4': 8, '5+': 0, 'Completeness': 90.03134796238245, 'Contamination': 130.4075235109718, 'GC': 0.42432055463079943, 'GC std': 0.029741564620499962, 'Genome size': 9452342, '# ambiguous bases': 0, '# scaffolds': 728, '# contigs': 728, 'Longest scaffold': 158660, 'Longest contig': 158660, 'N50 (scaffolds)': 18652, 'N50 (contigs)': 18652, 'Mean scaffold length': 12983.986263736264, 'Mean contig length': 12983.986263736264, 'Coding density': 0.9011697841656597, 'Translation table': 11, '# predicted genes': 8338, 'GCN0': ['PF00298', 'PF03947', 'PF03719', 'PF00237', 'PF00410', 'PF00673', 'PF00411', 'PF00189', 'PF00181', 'PF00366', 'PF00828', 'TIGR01079', 'PF00276', 'PF00238', 'PF00831', 'PF00861', 'PF00203', 'PF00466', 'PF03946', 'PF00252', 'PF00333', 'PF00347', 'TIGR00922', 'PF00281', 'TIGR00855', 'PF04563', 'PF04561', 'PF00416', 'PF00573', 'PF01000', 'PF00687', 'TIGR00967', 'PF00297'], 'GCN1': ['PF10385', 'PF00177', 'PF01765', 'PF04565', 'PF01193', 'PF00312', 'PF00338', 'PF00164', 'PF01196'], 'GCN2': ['PF00562', 'PF02130', 'PF11987', 'PF01281', 'PF01795', 'PF03484', 'PF00572', 'PF01250', 'TIGR00019', 'PF00380', 'PF02033', 'PF00623', 'PF13184', 'PF06071', 'PF04560', 'TIGR00460', 'PF01509', 'PF08459', 'PF08529', 'TIGR03263', 'TIGR00810', 'TIGR00084', 'TIGR00755', 'PF03948', 'PF04997', 'PF04983', 'TIGR02075', 'PF01018', 'PF13603', 'PF04998', 'TIGR00459', 'PF02367', 'PF05491', 'PF05000', 'PF01649'], 'GCN3': ['PF02978', 'PF01195', 'PF01746', 'PF01016', 'PF00318', 'PF00162', 'PF00889', 'PF12344', 'PF01632', 'TIGR03594', 'PF01121', 'PF00886', 'TIGR00392', 'PF00829', 'TIGR00344', 'PF00453', 'PF01245', 'TIGR00615', 'PF06421'], 'GCN4': ['TIGR00329', 'PF01409', 'TIGR03723', 'PF01668', 'TIGR02432', 'TIGR00250', 'PF05697', 'PF02912'], 'GCN5+': []}
ERR479220_bin.5	{'marker lineage': 'k__Bacteria', '# genomes': 5449, '# markers': 104, '# marker sets': 58, '0': 44, '1': 27, '2': 26, '3': 5, '4': 2, '5+': 0, 'Completeness': 83.43260188087774, 'Contamination': 66.37931034482759, 'GC': 0.411523369381337, 'GC std': 0.0372894753166018, 'Genome size': 10740678, '# ambiguous bases': 0, '# scaffolds': 1881, '# contigs': 1881, 'Longest scaffold': 61920, 'Longest contig': 61920, 'N50 (scaffolds)': 6301, 'N50 (contigs)': 6301, 'Mean scaffold length': 5710.089314194577, 'Mean contig length': 5710.089314194577, 'Coding density': 0.901446445000958, 'Translation table': 11, '# predicted genes': 10017, 'GCN0': ['PF00562', 'PF00298', 'PF03947', 'PF03719', 'PF00237', 'PF00410', 'PF00673', 'PF00189', 'PF00623', 'PF00181', 'PF10385', 'PF04560', 'PF00366', 'PF00828', 'TIGR01079', 'PF00276', 'PF00238', 'PF00831', 'PF01632', 'PF00177', 'PF01121', 'PF00861', 'PF00203', 'PF00466', 'PF03946', 'PF04997', 'PF04565', 'PF00252', 'PF00333', 'PF04983', 'PF00347', 'PF00338', 'PF04998', 'PF00164', 'TIGR00922', 'PF00281', 'TIGR00855', 'PF04563', 'PF04561', 'PF00573', 'PF00687', 'PF05000', 'PF01196', 'PF00297'], 'GCN1': ['PF02978', 'PF11987', 'PF03484', 'PF01195', 'PF00572', 'PF00411', 'TIGR03723', 'PF01016', 'PF01250', 'PF00380', 'PF02033', 'PF00162', 'PF13184', 'TIGR00460', 'PF08529', 'TIGR03263', 'PF00886', 'PF00829', 'TIGR00250', 'PF01193', 'TIGR00459', 'PF00453', 'PF02912', 'PF00416', 'PF01000', 'TIGR00967', 'TIGR00615'], 'GCN2': ['PF02130', 'TIGR00329', 'PF01795', 'PF01409', 'PF01746', 'PF01668', 'PF00318', 'TIGR00019', 'PF00889', 'PF12344', 'PF08459', 'TIGR02432', 'TIGR00810', 'TIGR00084', 'TIGR00392', 'TIGR00755', 'PF03948', 'TIGR00344', 'PF01018', 'PF00312', 'PF13603', 'PF05697', 'PF01245', 'PF02367', 'PF05491', 'PF01649'], 'GCN3': ['PF01281', 'PF01509', 'TIGR03594', 'TIGR02075', 'PF06421'], 'GCN4': ['PF06071', 'PF01765'], 'GCN5+': []}
ERR479080_bin.12	{'marker lineage': 'o__Clostridiales', '# genomes': 172, '# markers': 263, '# marker sets': 149, '0': 3, '1': 233, '2': 23, '3': 4, '4': 0, '5+': 0, 'Completeness': 98.65771812080537, 'Contamination': 7.880058979052269, 'GC': 0.3821312059191351, 'GC std': 0.01912483013499147, 'Genome size': 5332671, '# ambiguous bases': 0, '# scaffolds': 499, '# contigs': 499, 'Longest scaffold': 141199, 'Longest contig': 141199, 'N50 (scaffolds)': 18288, 'N50 (contigs)': 18288, 'Mean scaffold length': 10686.715430861723, 'Mean contig length': 10686.715430861723, 'Coding density': 0.8447674720604365, 'Translation table': 11, '# predicted genes': 5046, 'GCN0': ['PF13603', 'PF02631', 'PF00154'], 'GCN1': ['PF02601', 'PF02873', 'TIGR00963', 'PF02482', 'PF01256', 'TIGR01574', 'PF01709', 'PF03947', 'PF03719', 'PF00410', 'PF00327', 'TIGR03725', 'TIGR03994', 'PF03484', 'PF06135', 'PF02609', 'PF04816', 'PF00572', 'PF03602', 'PF01406', 'TIGR01133', 'TIGR00482', 'TIGR00244', 'PF01668', 'PF05188', 'PF00189', 'PF02547', 'PF02650', 'PF04551', 'PF02033', 'PF02670', 'TIGR01051', 'PF00181', 'PF03481', 'PF13184', 'PF06071', 'PF03726', 'TIGR00044', 'TIGR00154', 'PF00183', 'TIGR03974', 'TIGR00054', 'PF12344', 'TIGR00201', 'TIGR01069', 'TIGR01510', 'TIGR00159', 'PF00366', 'PF08459', 'PF02575', 'PF00166', 'TIGR00057', 'PF03147', 'PF08529', 'PF01176', 'TIGR00488', 'PF00828', 'TIGR01079', 'PF00276', 'PF09186', 'TIGR03596', 'PF00238', 'PF00831', 'PF00177', 'TIGR00436', 'PF00163', 'PF02843', 'PF01715', 'PF09148', 'PF02603', 'TIGR00185', 'PF00861', 'TIGR00392', 'PF13742', 'PF04085', 'PF03840', 'PF01765', 'TIGR00593', 'PF07479', 'PF05190', 'PF00829', 'PF04565', 'PF00252', 'TIGR01357', 'PF04983', 'TIGR00611', 'PF05636', 'TIGR03598', 'PF02542', 'PF01018', 'PF00312', 'TIGR00737', 'PF00347', 'TIGR00195', 'PF00338', 'PF00215', 'PF00164', 'PF05697', 'PF00453', 'PF02390', 'TIGR00855', 'PF04563', 'PF04263', 'PF04561', 'PF05670', 'TIGR01203', 'TIGR02727', 'PF08340', 'PF01687', 'PF04204', 'PF11967', 'TIGR00389', 'TIGR00633', 'TIGR01123', 'PF00297', 'PF06421', 'PF02132', 'PF01725', 'PF02978', 'TIGR00233', 'PF02130', 'PF07499', 'PF11987', 'TIGR00329', 'TIGR01162', 'TIGR01394', 'PF01281', 'PF00237', 'TIGR00595', 'PF08436', 'PF02545', 'PF01071', 'PF01430', 'TIGR00422', 'PF06838', 'PF00673', 'PF01195', 'PF02844', 'PF06574', 'TIGR00430', 'PF00411', 'PF05198', 'PF01746', 'TIGR03723', 'PF01016', 'TIGR00717', 'TIGR00639', 'TIGR02191', 'PF00318', 'TIGR00019', 'PF00380', 'PF02576', 'PF00684', 'PF01985', 'PF00889', 'PF02401', 'TIGR00464', 'PF03755', 'TIGR00536', 'PF08676', 'TIGR00020', 'PF03668', 'TIGR02348', 'PF01205', 'TIGR02168', 'TIGR00460', 'PF01509', 'PF12072', 'PF07136', 'PF02580', 'PF05191', 'PF01119', 'PF02410', 'PF01632', 'PF12631', 'TIGR03594', 'TIGR03263', 'TIGR00634', 'PF01121', 'PF00886', 'PF04468', 'PF13288', 'PF01330', 'TIGR00342', 'TIGR00755', 'PF00203', 'PF03948', 'PF06325', 'PF00466', 'PF04997', 'PF03652', 'TIGR00344', 'PF01197', 'PF05833', 'PF00333', 'PF04079', 'PF01782', 'TIGR02075', 'PF10458', 'PF02565', 'TIGR01351', 'PF02224', 'PF04296', 'PF03461', 'PF06969', 'PF13507', 'TIGR00922', 'TIGR01125', 'PF00281', 'PF02616', 'PF06144', 'PF03485', 'PF02912', 'PF02153', 'PF00416', 'PF01245', 'TIGR00416', 'PF00573', 'PF01728', 'TIGR00096', 'PF02367', 'PF09269', 'PF01000', 'PF00707', 'TIGR00691', 'PF01628', 'PF12392', 'PF05491', 'PF01351', 'PF01196', 'TIGR00360', 'PF01649', 'TIGR01063'], 'GCN2': ['PF01250', 'TIGR00663', 'PF00162', 'PF08207', 'PF03946', 'PF01132', 'PF04998', 'PF00584', 'PF00687', 'PF05000', 'PF00562', 'PF00298', 'PF01409', 'PF00623', 'PF10396', 'PF02527', 'PF10385', 'PF04560', 'PF02590', 'PF01084', 'PF01424', 'PF13932', 'PF02403'], 'GCN3': ['PF00825', 'TIGR00967', 'PF09285', 'PF01808'], 'GCN4': [], 'GCN5+': []}
ERR479081_bin.19	{'marker lineage': 'f__Lachnospiraceae', '# genomes': 57, '# markers': 420, '# marker sets': 207, '0': 385, '1': 35, '2': 0, '3': 0, '4': 0, '5+': 0, 'Completeness': 7.319572536963841, 'Contamination': 0.0, 'GC': 0.3791790353127644, 'GC std': 0.024519632339935895, 'Genome size': 744490, '# ambiguous bases': 0, '# scaffolds': 49, '# contigs': 49, 'Longest scaffold': 107461, 'Longest contig': 107461, 'N50 (scaffolds)': 30380, 'N50 (contigs)': 30380, 'Mean scaffold length': 15193.673469387755, 'Mean contig length': 15193.673469387755, 'Coding density': 0.8593574124568496, 'Translation table': 11, '# predicted genes': 758, 'GCN0': ['PF02601', 'PF12897', 'PF01256', 'PF00303', 'PF03719', 'PF13509', 'TIGR03725', 'TIGR02651', 'PF06135', 'PF04816', 'PF00572', 'PF08206', 'PF00478', 'PF00712', 'PF01406', 'TIGR00670', 'TIGR00244', 'PF01250', 'PF01668', 'PF00189', 'PF02650', 'PF04551', 'PF02033', 'PF03590', 'TIGR00048', 'PF02670', 'TIGR00127', 'PF13184', 'PF07009', 'TIGR00563', 'TIGR01383', 'PF06071', 'PF03726', 'TIGR00044', 'TIGR01072', 'TIGR02673', 'PF00815', 'TIGR03974', 'TIGR01948', 'TIGR02773', 'TIGR00011', 'TIGR01069', 'TIGR01510', 'PF00366', 'PF02575', 'PF03147', 'PF08529', 'PF02381', 'PF09397', 'PF01176', 'TIGR02432', 'TIGR01120', 'TIGR00169', 'PF00177', 'TIGR00978', 'PF01293', 'PF00163', 'PF01715', 'TIGR01356', 'PF02603', 'PF00861', 'PF13742', 'PF04085', 'PF01765', 'PF01702', 'TIGR00761', 'PF00044', 'PF13636', 'TIGR00503', 'PF00829', 'PF00252', 'TIGR00658', 'PF05636', 'TIGR03598', 'PF01018', 'PF00312', 'PF13603', 'TIGR00737', 'PF01132', 'PF00347', 'PF00215', 'PF04998', 'PF03838', 'PF00164', 'PF10397', 'PF00453', 'PF02390', 'PF13089', 'PF04263', 'PF05670', 'PF00468', 'PF00763', 'PF01268', 'PF01367', 'TIGR00967', 'PF05000', 'PF05167', 'TIGR00389', 'TIGR00633', 'TIGR01123', 'PF00692', 'PF04277', 'TIGR01943', 'PF07991', 'TIGR00443', 'TIGR00233', 'TIGR00329', 'PF08436', 'PF02545', 'PF01430', 'PF06838', 'PF01195', 'PF01948', 'PF01409', 'PF01210', 'PF00411', 'PF01783', 'PF05198', 'PF00186', 'PF01746', 'PF07456', 'TIGR03723', 'PF09285', 'TIGR00717', 'TIGR02191', 'TIGR03426', 'PF01255', 'TIGR00442', 'TIGR00928', 'PF06418', 'PF00889', 'PF02401', 'TIGR00464', 'TIGR01128', 'PF01513', 'PF01502', 'PF08676', 'PF03668', 'TIGR00260', 'PF13275', 'PF04327', 'PF04472', 'PF03483', 'PF01205', 'TIGR02168', 'PF01509', 'PF12072', 'PF10150', 'PF13165', 'PF02812', 'PF13740', 'PF02590', 'PF12631', 'TIGR03594', 'PF13288', 'PF01084', 'PF01330', 'TIGR02482', 'PF00203', 'PF03948', 'PF06325', 'TIGR01828', 'PF03652', 'TIGR00344', 'PF01197', 'PF05833', 'PF01782', 'TIGR02075', 'PF04297', 'PF06969', 'PF13507', 'TIGR01125', 'PF04452', 'PF00281', 'PF02616', 'PF02153', 'PF01424', 'PF00416', 'PF01596', 'PF01245', 'TIGR00416', 'PF00573', 'PF01960', 'TIGR00096', 'PF09269', 'PF01000', 'PF06415', 'PF12392', 'PF08222', 'PF02355', 'PF01196', 'PF01649', 'TIGR01063', 'TIGR00515', 'PF02873', 'PF14057', 'TIGR01574', 'PF05173', 'PF01709', 'PF03947', 'PF00410', 'PF00327', 'PF01624', 'PF12627', 'PF03484', 'PF02609', 'TIGR03960', 'PF03116', 'PF03602', 'TIGR01133', 'TIGR00482', 'PF00118', 'TIGR01127', 'PF02748', 'PF05188', 'PF02547', 'PF00162', 'TIGR01051', 'PF00988', 'PF00181', 'PF03481', 'PF07826', 'TIGR00499', 'TIGR03534', 'TIGR03599', 'PF01134', 'TIGR00154', 'TIGR00628', 'PF00183', 'TIGR00042', 'TIGR00054', 'TIGR01575', 'PF01450', 'PF08459', 'PF01165', 'PF00764', 'PF02699', 'PF00166', 'PF13735', 'TIGR00057', 'PF00828', 'TIGR01079', 'PF00276', 'TIGR01354', 'PF09186', 'TIGR00407', 'TIGR03596', 'TIGR00064', 'PF00238', 'PF00831', 'TIGR01947', 'PF02767', 'PF08502', 'TIGR00436', 'TIGR00185', 'PF00475', 'TIGR00392', 'PF03840', 'PF07479', 'TIGR00838', 'TIGR00225', 'PF08207', 'TIGR02785', 'PF05190', 'TIGR01316', 'PF02503', 'TIGR01087', 'TIGR01357', 'PF02677', 'TIGR00234', 'TIGR00611', 'PF02542', 'PF02436', 'TIGR00195', 'PF00338', 'TIGR01830', 'PF05697', 'PF07261', 'PF01634', 'TIGR03346', 'TIGR01203', 'PF02882', 'PF08340', 'PF00825', 'PF02938', 'TIGR00457', 'PF01687', 'PF04204', 'PF11967', 'TIGR01259', 'TIGR01083', 'PF01264', 'PF00297', 'PF06421', 'PF02132', 'PF00140', 'PF02631', 'PF02978', 'PF02130', 'PF02800', 'PF07499', 'PF11987', 'TIGR01162', 'TIGR01394', 'PF01281', 'TIGR01048', 'PF00237', 'TIGR00595', 'TIGR00422', 'PF00673', 'PF00208', 'PF06018', 'PF06574', 'TIGR01945', 'PF01248', 'PF02607', 'PF10105', 'PF01016', 'TIGR00336', 'PF04760', 'PF03725', 'TIGR01364', 'PF00318', 'TIGR00019', 'PF01812', 'PF00380', 'PF02576', 'PF10396', 'PF00684', 'PF01985', 'PF03755', 'PF00773', 'TIGR00536', 'TIGR03542', 'PF02801', 'TIGR00020', 'PF02527', 'PF02504', 'PF01259', 'PF00154', 'TIGR02129', 'PF01808', 'TIGR00460', 'PF09371', 'PF03255', 'PF07136', 'PF03853', 'TIGR00010', 'PF05191', 'PF01119', 'PF02410', 'PF03950', 'PF01632', 'TIGR01027', 'TIGR03263', 'PF01743', 'TIGR00634', 'PF01121', 'PF00886', 'PF04468', 'TIGR00342', 'TIGR00755', 'PF04093', 'PF13482', 'PF00333', 'PF04079', 'PF10458', 'PF02565', 'TIGR01109', 'PF10646', 'TIGR01351', 'PF02224', 'PF03461', 'PF02912', 'TIGR03151', 'PF01728', 'PF01138', 'PF02367', 'PF02768', 'PF00707', 'PF01628', 'PF13932', 'PF05491', 'PF01192', 'TIGR00360'], 'GCN1': ['TIGR00963', 'PF12344', 'PF03946', 'TIGR01455', 'TIGR00855', 'PF04561', 'PF00687', 'PF00298', 'PF00953', 'PF01071', 'PF02457', 'TIGR00639', 'PF05673', 'PF04560', 'PF00464', 'PF00466', 'PF04997', 'TIGR00691', 'PF02482', 'TIGR03994', 'PF07949', 'TIGR00201', 'PF02843', 'PF04565', 'PF03143', 'PF04983', 'PF00584', 'PF04563', 'PF00562', 'PF02844', 'PF00623', 'PF10385', 'TIGR00922', 'TIGR00878', 'PF02403'], 'GCN2': [], 'GCN3': [], 'GCN4': [], 'GCN5+': []}
ERR479070_bin.26	{'marker lineage': 'o__Clostridiales', '# genomes': 172, '# markers': 261, '# marker sets': 147, '0': 68, '1': 190, '2': 3, '3': 0, '4': 0, '5+': 0, 'Completeness': 67.45001030715316, 'Contamination': 1.4965986394557824, 'GC': 0.6050402391354335, 'GC std': 0.02162777873005812, 'Genome size': 1522150, '# ambiguous bases': 0, '# scaffolds': 273, '# contigs': 273, 'Longest scaffold': 20996, 'Longest contig': 20996, 'N50 (scaffolds)': 6270, 'N50 (contigs)': 6270, 'Mean scaffold length': 5575.641025641025, 'Mean contig length': 5575.641025641025, 'Coding density': 0.8786197155339487, 'Translation table': 11, '# predicted genes': 1531, 'GCN0': ['PF01256', 'TIGR03725', 'PF04816', 'PF01406', 'PF01668', 'TIGR00663', 'PF13184', 'TIGR01510', 'PF03147', 'PF08529', 'PF00177', 'PF04085', 'TIGR00737', 'PF00215', 'PF04998', 'PF00164', 'PF00453', 'PF05670', 'PF05000', 'TIGR00233', 'PF01195', 'PF05198', 'PF08676', 'PF12072', 'PF02580', 'PF12631', 'TIGR03594', 'PF05833', 'PF06969', 'PF01424', 'PF09269', 'TIGR00691', 'PF01649', 'TIGR01063', 'TIGR01574', 'PF01709', 'TIGR03994', 'PF05188', 'PF00162', 'TIGR01051', 'PF00183', 'TIGR00201', 'PF08459', 'PF03840', 'TIGR00593', 'PF07479', 'PF05190', 'TIGR01357', 'PF00825', 'PF02631', 'TIGR01162', 'TIGR00019', 'PF02576', 'PF10396', 'TIGR00536', 'PF00154', 'TIGR00460', 'PF07136', 'PF01119', 'PF01632', 'TIGR00634', 'PF04468', 'PF04296', 'PF03461', 'PF01728', 'PF02367', 'PF00707', 'PF02403'], 'GCN1': ['PF02601', 'TIGR00963', 'PF03719', 'PF06135', 'PF00572', 'TIGR00244', 'PF01250', 'PF00189', 'PF02650', 'PF04551', 'PF02033', 'PF02670', 'PF06071', 'PF03726', 'TIGR00044', 'TIGR03974', 'PF12344', 'TIGR01069', 'PF00366', 'PF02575', 'PF01176', 'PF00163', 'PF01715', 'PF02603', 'PF00861', 'PF13742', 'PF01765', 'PF03946', 'PF00829', 'PF00252', 'PF05636', 'TIGR03598', 'PF01018', 'PF13603', 'PF00312', 'PF01132', 'PF00347', 'PF02390', 'TIGR00855', 'PF04263', 'PF04561', 'TIGR02727', 'TIGR00967', 'TIGR00389', 'TIGR00633', 'TIGR01123', 'PF01725', 'PF00298', 'TIGR00329', 'PF08436', 'PF02545', 'PF01071', 'PF01430', 'PF01409', 'TIGR00430', 'PF00411', 'PF01746', 'TIGR03723', 'PF09285', 'TIGR00717', 'TIGR00639', 'TIGR02191', 'PF00889', 'PF02401', 'TIGR00464', 'PF03668', 'TIGR02348', 'PF01205', 'TIGR02168', 'PF04560', 'PF01509', 'PF02590', 'PF13288', 'PF01084', 'PF01330', 'PF00203', 'PF03948', 'PF06325', 'PF00466', 'PF04997', 'PF03652', 'TIGR00344', 'PF01197', 'PF01782', 'TIGR02075', 'PF13507', 'TIGR01125', 'PF00281', 'PF02616', 'PF02153', 'PF00416', 'PF01245', 'TIGR00416', 'PF00573', 'TIGR00096', 'PF01000', 'PF12392', 'PF01196', 'PF02873', 'PF03947', 'PF00410', 'PF00327', 'PF03484', 'PF02609', 'PF03602', 'TIGR01133', 'TIGR00482', 'PF02547', 'PF00181', 'PF03481', 'TIGR00154', 'TIGR00054', 'TIGR00159', 'PF00166', 'TIGR00057', 'TIGR00488', 'PF00828', 'TIGR01079', 'PF00276', 'PF09186', 'TIGR03596', 'PF00238', 'PF00831', 'TIGR00436', 'PF02843', 'PF09148', 'TIGR00185', 'TIGR00392', 'PF08207', 'PF04565', 'PF04983', 'TIGR00611', 'PF02542', 'TIGR00195', 'PF00338', 'PF00584', 'PF04563', 'TIGR01203', 'PF08340', 'PF01687', 'PF04204', 'PF11967', 'PF00297', 'PF06421', 'PF00562', 'PF02132', 'PF02978', 'PF02130', 'PF07499', 'PF11987', 'PF01281', 'PF00237', 'TIGR00595', 'TIGR00422', 'PF00673', 'PF06574', 'PF02844', 'PF01016', 'PF00318', 'PF00380', 'PF00623', 'PF00684', 'PF01985', 'PF03755', 'TIGR00020', 'PF02527', 'PF10385', 'PF01808', 'PF05191', 'PF02410', 'TIGR03263', 'PF01121', 'PF00886', 'TIGR00342', 'TIGR00755', 'PF00333', 'PF04079', 'PF10458', 'PF02565', 'TIGR01351', 'PF02224', 'TIGR00922', 'PF06144', 'PF03485', 'PF02912', 'PF01628', 'PF13932', 'PF05491', 'PF01351', 'TIGR00360'], 'GCN2': ['PF00687', 'PF06838', 'TIGR01394'], 'GCN3': [], 'GCN4': [], 'GCN5+': []}
ERR478985_bin.9	{'marker lineage': 'o__Clostridiales', '# genomes': 172, '# markers': 263, '# marker sets': 149, '0': 69, '1': 189, '2': 5, '3': 0, '4': 0, '5+': 0, 'Completeness': 82.18794488509253, 'Contamination': 2.684563758389262, 'GC': 0.4042752748547101, 'GC std': 0.02439311882989536, 'Genome size': 2058815, '# ambiguous bases': 0, '# scaffolds': 274, '# contigs': 274, 'Longest scaffold': 44393, 'Longest contig': 44393, 'N50 (scaffolds)': 8974, 'N50 (contigs)': 8974, 'Mean scaffold length': 7513.923357664234, 'Mean contig length': 7513.923357664234, 'Coding density': 0.8722944995057836, 'Translation table': 11, '# predicted genes': 2153, 'GCN0': ['PF02601', 'TIGR00963', 'PF03719', 'TIGR03725', 'PF01668', 'PF00189', 'PF02650', 'PF04551', 'PF02033', 'PF02670', 'PF06071', 'PF00366', 'PF02575', 'PF00861', 'PF13742', 'PF01765', 'PF00829', 'PF00252', 'PF13603', 'PF00347', 'PF04263', 'PF05670', 'TIGR00967', 'PF05000', 'PF08436', 'PF01071', 'PF01430', 'TIGR03723', 'TIGR00717', 'TIGR00639', 'PF04560', 'PF02590', 'PF13288', 'PF00203', 'PF04997', 'TIGR00344', 'PF05833', 'PF00281', 'PF00573', 'PF03947', 'PF00410', 'PF00327', 'PF02609', 'TIGR01133', 'PF00181', 'TIGR00154', 'TIGR00054', 'PF00828', 'TIGR01079', 'PF00276', 'PF09186', 'PF00238', 'PF00831', 'TIGR01357', 'PF04983', 'PF00297', 'PF02132', 'PF00237', 'PF00673', 'PF02844', 'PF01016', 'PF00623', 'PF00684', 'PF01808', 'TIGR00460', 'TIGR00634', 'PF00333', 'PF01728', 'PF02367'], 'GCN1': ['PF01256', 'PF06135', 'PF04816', 'PF00572', 'PF01406', 'TIGR00244', 'PF01250', 'TIGR00663', 'PF13184', 'PF03726', 'TIGR00044', 'TIGR03974', 'PF12344', 'TIGR01069', 'TIGR01510', 'PF03147', 'PF08529', 'PF01176', 'PF00177', 'PF00163', 'PF01715', 'PF02603', 'PF04085', 'PF03946', 'PF05636', 'TIGR03598', 'PF01018', 'PF00312', 'TIGR00737', 'PF01132', 'PF00215', 'PF04998', 'PF00164', 'PF00453', 'PF02390', 'TIGR00855', 'PF04561', 'TIGR02727', 'PF00687', 'TIGR00389', 'TIGR00633', 'TIGR01123', 'PF01725', 'PF00298', 'TIGR00329', 'PF02545', 'PF06838', 'PF01195', 'PF01409', 'TIGR00430', 'PF00411', 'PF05198', 'PF01746', 'PF09285', 'TIGR02191', 'PF00889', 'PF02401', 'TIGR00464', 'PF08676', 'PF03668', 'TIGR02348', 'PF01205', 'TIGR02168', 'PF01509', 'PF12072', 'PF02580', 'PF12631', 'TIGR03594', 'PF01084', 'PF01330', 'PF03948', 'PF06325', 'PF00466', 'PF03652', 'PF01197', 'PF01782', 'TIGR02075', 'PF06969', 'PF13507', 'TIGR01125', 'PF02616', 'PF02153', 'PF01424', 'PF00416', 'PF01245', 'TIGR00416', 'TIGR00096', 'PF09269', 'PF01000', 'TIGR00691', 'PF12392', 'PF01196', 'PF01649', 'TIGR01063', 'PF02873', 'PF02482', 'TIGR01574', 'PF01709', 'TIGR03994', 'PF03484', 'PF03602', 'TIGR00482', 'PF05188', 'PF02547', 'TIGR01051', 'PF03481', 'PF00183', 'TIGR00201', 'TIGR00159', 'PF08459', 'PF00166', 'TIGR00057', 'TIGR00488', 'TIGR03596', 'TIGR00436', 'PF02843', 'PF09148', 'TIGR00185', 'TIGR00392', 'PF03840', 'TIGR00593', 'PF07479', 'PF08207', 'PF05190', 'PF04565', 'TIGR00611', 'PF02542', 'TIGR00195', 'PF00338', 'PF05697', 'PF00584', 'PF04563', 'TIGR01203', 'PF08340', 'PF00825', 'PF01687', 'PF04204', 'PF11967', 'PF06421', 'PF00562', 'PF02631', 'PF02978', 'PF02130', 'PF07499', 'PF11987', 'TIGR01162', 'TIGR01394', 'PF01281', 'TIGR00595', 'TIGR00422', 'PF06574', 'TIGR00019', 'PF00380', 'PF02576', 'PF10396', 'PF01985', 'PF03755', 'TIGR00536', 'TIGR00020', 'PF02527', 'PF10385', 'PF07136', 'PF05191', 'PF01119', 'PF02410', 'PF01632', 'TIGR03263', 'PF01121', 'PF00886', 'PF04468', 'TIGR00342', 'TIGR00755', 'PF04079', 'PF10458', 'PF02565', 'TIGR01351', 'PF02224', 'PF04296', 'PF03461', 'TIGR00922', 'PF06144', 'PF03485', 'PF02912', 'PF00707', 'PF01628', 'PF13932', 'PF05491', 'PF01351', 'TIGR00360'], 'GCN2': ['TIGR00233', 'PF00162', 'PF00318', 'PF00154', 'PF02403'], 'GCN3': [], 'GCN4': [], 'GCN5+': []}
ERR479195_bin.21	{'marker lineage': 'o__Bacteroidales', '# genomes': 163, '# markers': 485, '# marker sets': 265, '0': 14, '1': 468, '2': 3, '3': 0, '4': 0, '5+': 0, 'Completeness': 96.98113207547169, 'Contamination': 0.39832285115303984, 'GC': 0.4216781022943035, 'GC std': 0.024814692683153172, 'Genome size': 4574155, '# ambiguous bases': 0, '# scaffolds': 213, '# contigs': 213, 'Longest scaffold': 109103, 'Longest contig': 109103, 'N50 (scaffolds)': 34191, 'N50 (contigs)': 34191, 'Mean scaffold length': 21474.906103286386, 'Mean contig length': 21474.906103286386, 'Coding density': 0.8962271720131915, 'Translation table': 11, '# predicted genes': 3925, 'GCN0': ['PF09586', 'PF01132', 'TIGR00016', 'PF02457', 'PF09285', 'PF01238', 'TIGR02945', 'PF05188', 'TIGR01496', 'PF08207', 'PF05190', 'TIGR00234', 'PF00825', 'PF14093'], 'GCN1': ['PF02601', 'PF01256', 'PF01784', 'PF03719', 'PF13509', 'TIGR03725', 'PF01434', 'PF14450', 'PF01411', 'PF00572', 'PF02096', 'PF00111', 'PF01406', 'TIGR00670', 'PF00035', 'TIGR03303', 'PF01250', 'PF02075', 'PF01668', 'PF00189', 'PF04551', 'PF06723', 'PF02033', 'TIGR00644', 'TIGR00048', 'PF02670', 'TIGR02350', 'PF13184', 'PF02770', 'TIGR01383', 'PF06071', 'PF03726', 'PF02618', 'PF07698', 'TIGR00044', 'TIGR01072', 'TIGR00093', 'PF00308', 'PF12344', 'TIGR01499', 'PF01170', 'PF02464', 'TIGR01510', 'PF00366', 'TIGR01362', 'PF03147', 'PF08529', 'PF13858', 'PF01176', 'TIGR02432', 'PF01113', 'PF02887', 'PF00709', 'TIGR00418', 'PF00925', 'PF00177', 'PF01293', 'PF02470', 'PF00163', 'PF02926', 'PF00861', 'PF12864', 'PF01975', 'TIGR01039', 'TIGR01921', 'PF13742', 'PF04085', 'PF14134', 'PF01765', 'PF00625', 'PF07697', 'PF13393', 'PF00499', 'PF01702', 'PF07517', 'TIGR00751', 'PF13636', 'TIGR00643', 'PF02620', 'PF05362', 'TIGR00503', 'PF03946', 'PF00829', 'PF00252', 'PF00329', 'PF02657', 'TIGR02037', 'PF02502', 'TIGR03598', 'PF01018', 'PF00312', 'PF13603', 'TIGR00737', 'TIGR01811', 'PF00347', 'TIGR00962', 'PF00215', 'PF04998', 'PF00164', 'PF14109', 'PF00453', 'PF02390', 'PF04613', 'PF07659', 'PF00231', 'PF00391', 'PF03120', 'PF00763', 'PF01367', 'TIGR00326', 'PF00687', 'PF01761', 'PF05000', 'TIGR00389', 'TIGR01123', 'PF00692', 'PF01725', 'PF12186', 'PF00298', 'TIGR00233', 'TIGR00329', 'TIGR01978', 'PF08436', 'PF02545', 'PF01071', 'TIGR03423', 'PF01195', 'PF01948', 'PF08328', 'PF01409', 'PF00411', 'PF12002', 'PF05198', 'PF01746', 'TIGR03723', 'TIGR00717', 'PF00677', 'PF04390', 'PF13793', 'TIGR03426', 'PF02823', 'PF09365', 'PF01255', 'PF10371', 'TIGR00928', 'TIGR01938', 'PF06418', 'PF00889', 'PF02401', 'TIGR00464', 'PF01513', 'TIGR02046', 'PF08676', 'PF08486', 'PF13286', 'TIGR00444', 'PF01205', 'PF04560', 'PF01509', 'PF03331', 'PF12072', 'PF10150', 'PF09640', 'PF02580', 'PF00346', 'TIGR01750', 'PF11307', 'PF02152', 'PF03993', 'TIGR03520', 'PF02590', 'TIGR03594', 'PF07549', 'PF01116', 'PF13288', 'PF01084', 'PF01330', 'PF00203', 'PF03948', 'TIGR00095', 'PF00464', 'PF06325', 'PF10672', 'PF00466', 'PF11973', 'PF04997', 'TIGR00473', 'PF03652', 'PF01197', 'PF11387', 'PF09190', 'PF01220', 'PF01782', 'TIGR02075', 'PF01193', 'TIGR00393', 'PF13507', 'TIGR01125', 'PF04452', 'PF00281', 'PF14123', 'TIGR01937', 'PF00416', 'PF01596', 'PF01245', 'TIGR00416', 'PF00573', 'TIGR00004', 'TIGR03139', 'PF01000', 'PF07497', 'PF12392', 'PF02606', 'TIGR00121', 'PF01316', 'PF02355', 'PF03571', 'PF01196', 'PF01649', 'PF02873', 'PF00253', 'PF11638', 'TIGR00445', 'TIGR01574', 'PF10609', 'PF05173', 'PF03989', 'PF13623', 'PF01709', 'PF03947', 'PF01795', 'PF00410', 'PF12627', 'PF03484', 'PF00507', 'PF02609', 'PF02559', 'TIGR01133', 'TIGR00482', 'PF00118', 'PF02748', 'TIGR03302', 'PF01209', 'PF03321', 'PF11013', 'TIGR01082', 'PF13491', 'PF01557', 'PF00162', 'TIGR01051', 'PF00181', 'PF00441', 'TIGR00499', 'TIGR03534', 'PF13335', 'TIGR01296', 'PF01134', 'TIGR00154', 'PF00830', 'PF07516', 'TIGR00054', 'PF01580', 'PF04963', 'TIGR00201', 'PF00627', 'TIGR01882', 'PF08459', 'PF01165', 'PF02699', 'PF00166', 'PF02405', 'PF13368', 'PF14121', 'PF00344', 'TIGR00888', 'TIGR01972', 'PF00213', 'PF00121', 'TIGR00705', 'PF12439', 'PF00828', 'TIGR00063', 'TIGR01079', 'PF00276', 'TIGR01354', 'TIGR00064', 'TIGR03990', 'PF00238', 'PF01043', 'PF00831', 'PF13950', 'TIGR01273', 'TIGR01981', 'PF12169', 'PF06689', 'TIGR00436', 'PF02843', 'TIGR00706', 'PF03772', 'PF02911', 'TIGR01353', 'PF02684', 'TIGR01980', 'TIGR00392', 'PF03840', 'PF02673', 'PF07479', 'TIGR01047', 'PF01202', 'TIGR00552', 'TIGR01059', 'TIGR01087', 'TIGR01770', 'PF08885', 'PF04565', 'PF03143', 'PF08299', 'PF04983', 'TIGR00611', 'PF00834', 'PF02542', 'PF00698', 'TIGR01379', 'PF00338', 'PF05697', 'PF00342', 'PF01327', 'TIGR01085', 'PF00885', 'PF05258', 'TIGR03346', 'PF04563', 'TIGR01203', 'PF02882', 'PF08340', 'PF14129', 'PF02938', 'TIGR01939', 'PF01928', 'PF02771', 'TIGR00457', 'PF01687', 'TIGR01697', 'PF11967', 'PF06508', 'TIGR01083', 'PF13167', 'PF01264', 'PF00297', 'PF06421', 'PF05958', 'PF00562', 'PF02132', 'PF02631', 'PF14126', 'PF04413', 'PF02978', 'PF02130', 'PF02800', 'PF07499', 'PF11987', 'PF04552', 'TIGR01394', 'PF01281', 'PF00224', 'PF00237', 'TIGR00595', 'PF02863', 'TIGR00422', 'PF00673', 'TIGR01144', 'PF00731', 'PF02844', 'PF06574', 'PF05693', 'PF01189', 'TIGR00067', 'PF01016', 'TIGR00336', 'PF00471', 'PF04760', 'PF04977', 'PF00119', 'PF03725', 'PF02190', 'TIGR01364', 'PF00318', 'TIGR00019', 'PF00380', 'PF02576', 'PF00623', 'PF10396', 'PF00684', 'PF03755', 'PF01386', 'PF00773', 'TIGR00235', 'TIGR00536', 'TIGR00020', 'PF02527', 'PF13100', 'PF01259', 'PF00154', 'PF01653', 'PF10385', 'PF07478', 'TIGR01091', 'PF02578', 'TIGR02477', 'TIGR03150', 'PF00750', 'PF00146', 'PF03825', 'PF02322', 'PF03853', 'PF01119', 'TIGR00857', 'TIGR00164', 'PF02410', 'PF03950', 'PF01632', 'PF14127', 'TIGR01579', 'PF01743', 'TIGR00634', 'PF01121', 'PF00886', 'PF04468', 'TIGR00755', 'TIGR01260', 'PF01820', 'PF05896', 'PF13444', 'PF14125', 'TIGR01090', 'PF00333', 'PF05746', 'PF10458', 'PF02565', 'PF00406', 'PF03065', 'PF04166', 'PF02224', 'PF03461', 'PF00662', 'TIGR00922', 'PF02739', 'PF01416', 'PF00842', 'PF06144', 'PF03485', 'TIGR00539', 'PF02912', 'PF01029', 'PF01138', 'PF02021', 'PF02367', 'PF09180', 'PF00707', 'PF00476', 'PF01817', 'PF13932', 'PF13085', 'PF02403', 'PF05491', 'PF01351', 'PF01192', 'PF02591'], 'GCN2': ['PF00044', 'TIGR00855', 'PF12631'], 'GCN3': [], 'GCN4': [], 'GCN5+': []}
ERR478973_bin.12	{'marker lineage': 'f__Lachnospiraceae', '# genomes': 57, '# markers': 420, '# marker sets': 207, '0': 35, '1': 111, '2': 217, '3': 49, '4': 5, '5+': 3, 'Completeness': 93.97443639291465, 'Contamination': 92.68604784909132, 'GC': 0.42950169937563, 'GC std': 0.03014356172751859, 'Genome size': 6834569, '# ambiguous bases': 0, '# scaffolds': 1167, '# contigs': 1167, 'Longest scaffold': 47293, 'Longest contig': 47293, 'N50 (scaffolds)': 6950, 'N50 (contigs)': 6950, 'Mean scaffold length': 5856.528706083976, 'Mean contig length': 5856.528706083976, 'Coding density': 0.8923946777038904, 'Translation table': 11, '# predicted genes': 7305, 'GCN0': ['PF00572', 'PF06071', 'PF03726', 'PF03147', 'PF00177', 'PF13603', 'PF04998', 'PF00164', 'TIGR00855', 'PF04561', 'PF00468', 'PF05000', 'TIGR01943', 'PF00889', 'PF04560', 'PF00466', 'PF04997', 'PF02153', 'PF01196', 'TIGR01574', 'PF03484', 'PF01165', 'TIGR00407', 'PF04565', 'PF04983', 'PF02436', 'PF04563', 'PF08340', 'PF00562', 'PF00318', 'PF00380', 'PF00623', 'PF03755', 'PF10385', 'TIGR03263'], 'GCN1': ['PF03719', 'TIGR00244', 'PF00189', 'PF04551', 'PF02033', 'PF13184', 'PF07009', 'TIGR00044', 'TIGR01948', 'PF00366', 'PF08529', 'TIGR00169', 'PF01293', 'PF00163', 'TIGR01356', 'PF00861', 'PF13742', 'PF01765', 'PF13636', 'TIGR00503', 'PF00829', 'PF00252', 'TIGR03598', 'PF00312', 'PF00347', 'PF03838', 'PF05670', 'PF00687', 'TIGR00633', 'PF00298', 'TIGR00443', 'TIGR00329', 'PF01409', 'PF00411', 'PF07456', 'TIGR03723', 'TIGR00464', 'TIGR00260', 'PF04327', 'PF04472', 'PF03483', 'TIGR02168', 'PF10150', 'PF02812', 'PF01330', 'PF00203', 'TIGR01828', 'PF05833', 'TIGR02075', 'PF06969', 'TIGR01125', 'PF00281', 'PF02616', 'PF01596', 'PF00573', 'PF01000', 'PF06415', 'PF12392', 'PF03947', 'PF00410', 'PF00327', 'PF01624', 'PF02547', 'PF00181', 'TIGR03599', 'TIGR00054', 'PF02699', 'TIGR01079', 'PF00276', 'PF00238', 'PF00831', 'TIGR00185', 'TIGR00838', 'TIGR00225', 'PF05190', 'TIGR01316', 'TIGR00195', 'PF00338', 'PF05697', 'PF01634', 'PF00825', 'PF11967', 'TIGR01083', 'PF00297', 'PF07499', 'PF11987', 'TIGR01394', 'PF00237', 'PF00673', 'PF00208', 'PF01248', 'TIGR00336', 'PF04760', 'PF03725', 'TIGR01364', 'TIGR00019', 'PF01812', 'PF02576', 'PF03255', 'PF01119', 'PF02410', 'TIGR01027', 'TIGR00634', 'TIGR00342', 'PF13482', 'PF00333', 'PF04079', 'PF02565', 'PF02912', 'PF01138', 'PF01192'], 'GCN2': ['PF02601', 'TIGR00963', 'PF00303', 'TIGR03725', 'TIGR02651', 'PF06135', 'PF04816', 'PF08206', 'PF00478', 'PF00712', 'PF01406', 'TIGR00670', 'PF01668', 'PF03590', 'TIGR00048', 'PF02670', 'TIGR00563', 'TIGR01383', 'PF00815', 'TIGR03974', 'TIGR02773', 'TIGR00011', 'PF12344', 'TIGR01069', 'TIGR01510', 'PF02575', 'PF02381', 'PF09397', 'PF01176', 'TIGR02432', 'TIGR01120', 'TIGR00978', 'PF01715', 'PF04085', 'PF01702', 'TIGR00761', 'PF00044', 'PF03946', 'TIGR00658', 'PF05636', 'PF01018', 'TIGR00737', 'PF01132', 'PF00215', 'PF10397', 'PF00453', 'PF02390', 'PF04263', 'PF01268', 'PF01367', 'TIGR00967', 'PF05167', 'TIGR00389', 'TIGR01123', 'PF04277', 'PF07991', 'TIGR00233', 'PF00953', 'PF08436', 'PF02545', 'PF01071', 'PF01430', 'PF06838', 'PF01195', 'PF01948', 'PF01210', 'PF01783', 'PF05198', 'PF00186', 'PF01746', 'PF09285', 'TIGR00639', 'TIGR02191', 'TIGR03426', 'TIGR00442', 'TIGR00928', 'PF06418', 'PF05673', 'TIGR01128', 'PF01513', 'PF01502', 'PF08676', 'PF13275', 'PF01205', 'PF01509', 'PF12072', 'PF13165', 'PF13740', 'PF02590', 'TIGR03594', 'PF13288', 'PF01084', 'TIGR02482', 'PF03948', 'PF00464', 'PF06325', 'PF03652', 'TIGR00344', 'PF01197', 'PF01782', 'PF04297', 'PF13507', 'PF04452', 'PF00416', 'PF01245', 'TIGR00416', 'PF01960', 'PF09269', 'TIGR00691', 'PF08222', 'PF01649', 'TIGR00515', 'PF02873', 'PF14057', 'PF05173', 'PF01709', 'TIGR03994', 'PF02609', 'TIGR03960', 'PF03116', 'PF03602', 'TIGR01133', 'TIGR00482', 'PF00118', 'TIGR01127', 'PF02748', 'PF05188', 'PF00162', 'TIGR01051', 'PF00988', 'PF03481', 'PF07826', 'TIGR00499', 'TIGR03534', 'TIGR00628', 'PF00183', 'TIGR00042', 'TIGR01575', 'PF01450', 'PF00166', 'TIGR00057', 'PF00828', 'TIGR01354', 'PF09186', 'TIGR03596', 'TIGR00064', 'TIGR01947', 'PF02767', 'PF08502', 'TIGR00436', 'PF02843', 'PF00475', 'TIGR00392', 'PF03840', 'PF07479', 'PF08207', 'TIGR02785', 'PF02503', 'TIGR01087', 'TIGR01357', 'PF03143', 'PF02677', 'TIGR00234', 'TIGR00611', 'PF02542', 'TIGR01830', 'PF07261', 'TIGR03346', 'TIGR01203', 'PF01687', 'TIGR01259', 'PF06421', 'PF02132', 'PF02631', 'PF02978', 'PF02800', 'TIGR01162', 'PF01281', 'TIGR01048', 'TIGR00595', 'TIGR00422', 'PF06018', 'PF02844', 'PF06574', 'TIGR01945', 'PF01016', 'PF01985', 'PF00773', 'TIGR00536', 'TIGR03542', 'PF02801', 'TIGR00020', 'PF02504', 'PF01808', 'TIGR00460', 'PF09371', 'PF07136', 'PF03853', 'PF05191', 'PF03950', 'PF01121', 'PF00886', 'PF04093', 'PF10458', 'TIGR01109', 'TIGR01351', 'PF02224', 'PF03461', 'TIGR00922', 'TIGR03151', 'PF01728', 'PF02367', 'PF02768', 'TIGR00878', 'PF00707', 'PF01628', 'TIGR00360'], 'GCN3': ['PF01256', 'PF13509', 'PF01250', 'PF02650', 'TIGR00127', 'TIGR01072', 'TIGR02673', 'PF02603', 'TIGR01455', 'PF13089', 'PF00763', 'PF02457', 'TIGR00717', 'PF01255', 'PF02401', 'PF03668', 'PF01424', 'TIGR00096', 'PF02355', 'TIGR01063', 'PF02482', 'PF12627', 'TIGR00154', 'PF07949', 'TIGR00201', 'PF08459', 'PF00764', 'PF13735', 'PF00584', 'PF02938', 'TIGR00457', 'PF04204', 'PF01264', 'PF00140', 'PF02130', 'PF02607', 'PF10105', 'PF10396', 'PF00684', 'PF02527', 'PF01259', 'PF00154', 'TIGR02129', 'PF01632', 'PF01743', 'PF04468', 'PF10646', 'PF13932', 'PF05491'], 'GCN4': ['PF12897', 'PF12631', 'PF01134', 'PF02882', 'PF02403'], 'GCN5+': ['PF00692', 'TIGR00010', 'TIGR00755']}
